Station,StationName,6h,9h,12h,24h,48h,72h
1,万寿西宫,0.3577,0.4982,0.5877,0.7485,0.7872,0.7984
2,定陵(对照点),0.399,0.5484,0.6377,0.7865,0.8213,0.8306
3,东四,0.3452,0.4846,0.5741,0.7371,0.7729,0.7825
4,天坛,0.3376,0.4768,0.5683,0.7338,0.7703,0.7807
5,农展馆,0.3569,0.4967,0.5866,0.747,0.7839,0.7943
6,官园,0.3507,0.4917,0.5809,0.7365,0.7755,0.7867
7,海淀万柳,0.3577,0.5009,0.5923,0.7483,0.7862,0.7975
8,顺义新城,0.3551,0.4966,0.5875,0.7461,0.781,0.7912
9,怀柔镇,0.4003,0.5519,0.6414,0.7855,0.8194,0.8295
10,昌平镇,0.4197,0.5732,0.6632,0.8051,0.8393,0.8488
11,奥体中心,0.3729,0.5146,0.6044,0.7637,0.8013,0.8124
12,古城,0.3896,0.5376,0.6276,0.7758,0.8143,0.8249
13,勤俭道,0.3745,0.5216,0.6118,0.7612,0.7964,0.8066
14,前进道,0.3785,0.527,0.6175,0.7646,0.7981,0.8079
15,永明路,0.4042,0.5552,0.6454,0.7871,0.8202,0.8294
16,汉北路,0.4155,0.5685,0.6575,0.7988,0.8327,0.8427
17,职工医院,0.3566,0.4947,0.5834,0.7435,0.7802,0.7919
18,西北水源,0.3551,0.4944,0.5858,0.7496,0.7844,0.7944
19,十二中,0.374,0.5194,0.6085,0.7551,0.7919,0.8034
20,建设大厦,0.4238,0.5809,0.6714,0.8114,0.8442,0.8535
21,接待中心,0.358,0.5005,0.5904,0.7476,0.7859,0.7973
22,监测站,0.3717,0.5192,0.6096,0.7608,0.7967,0.806
23,人民公园,0.3801,0.5316,0.6239,0.7701,0.8048,0.8146
24,世纪豪园,0.4206,0.5818,0.6717,0.796,0.8302,0.8404
25,铁路,0.4196,0.5742,0.6643,0.8037,0.8368,0.8459
26,中国银行,0.3472,0.4862,0.5779,0.7438,0.7802,0.7901
27,开发区,0.3711,0.5145,0.6047,0.7592,0.7959,0.8069
28,文化中心,0.3866,0.5369,0.6282,0.7742,0.8099,0.8196
29,药材公司,0.3414,0.4823,0.5733,0.7327,0.7698,0.7803
30,开发区,0.35,0.4918,0.5803,0.7358,0.7717,0.7817
31,沧县城建局,0.3964,0.5506,0.6411,0.7823,0.8162,0.8259
32,市环保局,0.3984,0.5495,0.6396,0.7812,0.816,0.8268
33,尖草坪,0.3992,0.5489,0.639,0.7907,0.8233,0.8329
34,晋源,0.4126,0.5644,0.6529,0.7985,0.8312,0.8404
35,小店,0.3767,0.5205,0.6084,0.7629,0.7985,0.8087
36,桃园,0.3866,0.5329,0.6247,0.783,0.8162,0.8256
37,坞城,0.3847,0.5303,0.6187,0.768,0.8015,0.8111
38,南寨,0.3277,0.4607,0.5475,0.708,0.7459,0.7587
39,小召,0.4262,0.5796,0.6685,0.8087,0.8418,0.8512
40,长清党校,0.3968,0.5475,0.636,0.7808,0.8158,0.8266
41,技术学院,0.3941,0.5431,0.6345,0.7893,0.8248,0.8352
42,儿童乐园,0.3728,0.5201,0.6105,0.7623,0.7951,0.8048
43,监理站,0.3678,0.514,0.6053,0.7591,0.794,0.804
44,赛鱼,0.3918,0.5383,0.6268,0.7722,0.8095,0.8203
45,南庄,0.3963,0.5413,0.6305,0.7872,0.8227,0.8328
46,平坦,0.3813,0.5259,0.6132,0.7601,0.7959,0.8073
47,大阳泉,0.46,0.6173,0.7029,0.8327,0.8673,0.8774
48,东山小学,0.4179,0.5699,0.6582,0.7991,0.8342,0.8446
49,平朔,0.394,0.5424,0.6326,0.7805,0.8136,0.8233
50,朔唯,0.3873,0.5336,0.6238,0.7756,0.8115,0.8227
51,市二中,0.4153,0.5668,0.657,0.8055,0.8401,0.8494
52,开发区,0.423,0.5802,0.6702,0.8109,0.8427,0.8514
53,集宁新区,0.4469,0.6073,0.6956,0.8257,0.8579,0.8664
54,市监测站,0.4005,0.553,0.6448,0.7916,0.8265,0.836
55,市交警支队,0.3775,0.525,0.6152,0.7646,0.8006,0.8113
56,河西一经路,0.4038,0.5563,0.6458,0.7901,0.8228,0.8318
57,宾水西道,0.3581,0.5043,0.5947,0.7467,0.7811,0.7913
58,河北工业大学,0.3548,0.4985,0.5886,0.7452,0.7803,0.7902
59,大理道,0.3732,0.5219,0.6134,0.7665,0.8004,0.8095
60,中山北路,0.3817,0.5323,0.6237,0.7688,0.8045,0.8149
61,光明街小学,0.4407,0.594,0.683,0.8313,0.865,0.8743
62,西四道,0.3761,0.5267,0.618,0.7638,0.7989,0.8091
63,烟厂,0.4126,0.5705,0.6618,0.7943,0.8286,0.8381
64,文明里,0.428,0.5816,0.6707,0.807,0.8426,0.8519
65,延庆夏都,0.3852,0.5324,0.6225,0.7766,0.808,0.8169
66,青少年活动中心,0.3853,0.5355,0.6256,0.7699,0.8035,0.8132
67,河北水利电力学院,0.3894,0.5396,0.6298,0.7753,0.8107,0.8203
68,雍阳西道,0.3712,0.5164,0.6066,0.7596,0.7944,0.8041
69,辛老路,0.3609,0.505,0.5959,0.7522,0.7869,0.7968
70,地纬路,0.3727,0.5204,0.6127,0.7671,0.8005,0.8095
71,太阳城中学,0.3895,0.5396,0.6309,0.7803,0.8129,0.8226
72,平谷新城,0.3909,0.5427,0.6327,0.7788,0.8139,0.8231
73,密云新城,0.3845,0.5326,0.622,0.7738,0.8092,0.8185
74,市委党校,0.4152,0.5677,0.6572,0.8031,0.837,0.8461
75,鹿泉一中,0.3971,0.5452,0.6353,0.7882,0.822,0.8318
76,北环路,0.4318,0.5896,0.6767,0.8086,0.842,0.8518
77,建设路,0.3644,0.5062,0.5961,0.7533,0.7878,0.7984
78,滨水东路,0.3892,0.5408,0.6312,0.7776,0.8118,0.8216
79,大新区,0.3886,0.537,0.6272,0.7746,0.8081,0.8177
80,锦屏中学,0.4191,0.5761,0.6645,0.7924,0.8289,0.8396
81,区一中,0.4229,0.5766,0.6667,0.8094,0.8411,0.8493
82,一水厂,0.4282,0.58,0.6706,0.816,0.8502,0.8596
83,金胜,0.4241,0.5757,0.6623,0.8046,0.8384,0.8486
84,龙柱,0.3475,0.4859,0.5754,0.7341,0.7686,0.7793
85,门头沟三家店,0.4045,0.5569,0.6472,0.792,0.8282,0.8376
86,丰台云岗,0.4022,0.5523,0.6421,0.7939,0.8304,0.841
87,通州东关,0.3637,0.5059,0.5968,0.7556,0.7915,0.8026
88,房山燕山,0.4174,0.5695,0.6583,0.8014,0.8376,0.8477
89,大兴旧宫,0.3387,0.4747,0.5659,0.7317,0.7703,0.7822
90,路南电大,0.387,0.5363,0.6266,0.7739,0.8082,0.8188
91,延庆石河营,0.3685,0.5121,0.6019,0.759,0.7923,0.8021
92,怀柔新城,0.3967,0.5452,0.6339,0.782,0.8168,0.8263
93,密云镇,0.3747,0.5201,0.6091,0.7615,0.7987,0.8102
94,红旗小学,0.4206,0.5745,0.6629,0.8033,0.8352,0.8443
95,海东办,0.3922,0.538,0.6278,0.78,0.814,0.8245
