date,pollutant,mean,std,min,max,count
2022-01-01,O3,29.935666982024596,26.05586069198212,1.0,86.0,2114
2022-01-01,PM2.5,51.01121579183491,35.410612727914696,1.0,181.0,2229
2022-01-01,PM10,91.48912058023572,48.82555975186946,4.0,271.0,2206
2022-01-02,O3,32.453285650424675,19.574101474270023,1.0,74.0,2237
2022-01-02,PM2.5,24.466341895482728,19.715513690081686,1.0,146.0,2258
2022-01-02,PM10,53.2417145382236,39.249683889664865,1.0,267.0,2263
2022-01-03,O3,21.731103985341274,20.404264664748734,1.0,87.0,2183
2022-01-03,PM2.5,43.610789121711996,24.955236062033936,2.0,137.0,2243
2022-01-03,PM10,82.78947368421052,42.28263210244463,3.0,285.0,2242
2022-01-04,O3,19.21474358974359,17.355107729759073,1.0,78.0,2184
2022-01-04,PM2.5,48.20364606491774,26.244809180832572,1.0,160.0,2249
2022-01-04,PM10,86.22609472743521,45.27368662541086,1.0,310.0,2238
2022-01-05,O3,15.31508805330795,15.010410661564213,1.0,97.0,2101
2022-01-05,PM2.5,61.08125,27.226474219727756,4.0,172.0,2240
2022-01-05,PM10,93.91157989228007,46.57033435405681,1.0,385.0,2228
2022-01-06,O3,17.013783269961976,18.383000189115705,1.0,89.0,2104
2022-01-06,PM2.5,80.38561215370866,38.76579050239849,1.0,252.0,2238
2022-01-06,PM10,115.46305418719211,59.60965427767256,1.0,359.0,2233
2022-01-07,O3,18.117091595845135,21.46254133351935,1.0,150.0,2118
2022-01-07,PM2.5,106.42456608811749,44.42944414323339,3.0,292.0,2247
2022-01-07,PM10,139.11378848728248,62.25380240832916,1.0,374.0,2241
2022-01-08,O3,25.277751973989783,24.3291974535083,1.0,97.0,2153
2022-01-08,PM2.5,88.4074074074074,48.854594553379656,2.0,219.0,2268
2022-01-08,PM10,114.76457597173145,62.88362659909834,2.0,307.0,2264
2022-01-09,O3,20.710164835164836,18.72965971624638,1.0,101.0,2184
2022-01-09,PM2.5,76.12984154929578,59.170895285761524,2.0,376.0,2272
2022-01-09,PM10,106.77200704225352,73.36056735845818,4.0,527.0,2272
2022-01-10,O3,38.156537753222835,25.76114589331391,1.0,80.0,2172
2022-01-10,PM2.5,48.71971390254806,59.080766720249365,1.0,293.0,2237
2022-01-10,PM10,70.78198198198199,71.55673890388127,1.0,410.0,2220
2022-01-11,O3,32.25134168157424,20.889079517812664,1.0,89.0,2236
2022-01-11,PM2.5,32.50901713255185,38.79261128820625,1.0,229.0,2218
2022-01-11,PM10,53.933958054439984,47.26738163111551,1.0,263.0,2241
2022-01-12,O3,31.415823367065318,23.708072909922382,1.0,75.0,2174
2022-01-12,PM2.5,41.99600532623169,47.02905847345984,1.0,261.0,2253
2022-01-12,PM10,69.32770870337478,54.435012465681936,1.0,302.0,2252
2022-01-13,O3,35.589445438282645,19.64411803557244,1.0,77.0,2236
2022-01-13,PM2.5,21.20747074707471,22.362685866537497,1.0,192.0,2222
2022-01-13,PM10,41.78703286807744,33.290328253433344,1.0,218.0,2221
2022-01-14,O3,22.388181818181817,19.57111151123318,1.0,81.0,2200
2022-01-14,PM2.5,61.05111111111111,33.11334824657219,2.0,168.0,2250
2022-01-14,PM10,95.22093023255815,41.52523027944319,5.0,256.0,2236
2022-01-15,O3,37.024029574861366,25.315118904132444,1.0,82.0,2164
2022-01-15,PM2.5,53.47375444839858,44.48890486814382,1.0,173.0,2248
2022-01-15,PM10,84.22840605520926,55.24012113441323,2.0,263.0,2246
2022-01-16,O3,33.833260008798945,19.41407236244843,1.0,87.0,2273
2022-01-16,PM2.5,23.462505612932194,22.933413494750088,1.0,137.0,2227
2022-01-16,PM10,46.94722838137472,40.12509662587855,1.0,226.0,2255
2022-01-17,O3,28.959404600811908,22.69034502859083,1.0,84.0,2217
2022-01-17,PM2.5,27.732625055334218,18.239643565679124,1.0,125.0,2259
2022-01-17,PM10,53.292423571112096,31.99070118855941,2.0,210.0,2257
2022-01-18,O3,22.31632183908046,22.44218493444994,1.0,111.0,2175
2022-01-18,PM2.5,57.93446277307178,41.67627488817174,1.0,246.0,2243
2022-01-18,PM10,92.40819964349376,53.57529265133995,3.0,369.0,2244
2022-01-19,O3,25.697150735294116,19.72121206003791,1.0,81.0,2176
2022-01-19,PM2.5,58.108,38.59380926752085,1.0,238.0,2250
2022-01-19,PM10,90.39579606440071,54.47330639257587,1.0,362.0,2236
2022-01-20,O3,32.03382287494437,17.49007512397348,1.0,111.0,2247
2022-01-20,PM2.5,46.417109929078016,25.697145883173626,8.0,140.0,2256
2022-01-20,PM10,67.5491510277033,38.98615788236238,1.0,329.0,2238
2022-01-21,O3,25.187641980917764,14.715220415826641,1.0,61.0,2201
2022-01-21,PM2.5,63.02269692923898,22.2179582566685,13.0,155.0,2247
2022-01-21,PM10,79.23673651359786,30.188021977877526,2.0,191.0,2243
2022-01-22,O3,19.998112317130722,15.456312291131901,1.0,79.0,2119
2022-01-22,PM2.5,99.73528089887641,29.179930616157957,3.0,234.0,2225
2022-01-22,PM10,105.47316636851521,39.05915763507895,25.0,283.0,2236
2022-01-23,O3,28.549125168236877,21.46222563280749,1.0,94.0,2229
2022-01-23,PM2.5,110.06057906458797,28.5739751173628,15.0,214.0,2245
2022-01-23,PM10,109.9995537706381,37.27146934705698,4.0,299.0,2241
2022-01-24,O3,31.244926199261993,24.40713010754858,1.0,103.0,2168
2022-01-24,PM2.5,118.79821826280623,40.88470176846392,14.0,255.0,2245
2022-01-24,PM10,116.66100937918713,41.77647246577017,1.0,269.0,2239
2022-01-25,O3,39.812134831460675,25.0416235281509,1.0,96.0,2225
2022-01-25,PM2.5,86.84564056939502,56.43081234945012,1.0,249.0,2248
2022-01-25,PM10,95.97795497185741,58.73192494248873,1.0,259.0,2132
2022-01-26,O3,43.97164377492246,20.940917215450867,1.0,126.0,2257
2022-01-26,PM2.5,44.10669642857143,50.89351409154624,1.0,251.0,2240
2022-01-26,PM10,57.70040668775418,59.33013006321968,1.0,315.0,2213
2022-01-27,O3,40.96393588601959,22.651194575017882,1.0,90.0,2246
2022-01-27,PM2.5,45.66919642857143,46.56358879145793,1.0,256.0,2240
2022-01-27,PM10,60.073028673835125,54.1927277931813,1.0,317.0,2232
2022-01-28,O3,42.282222222222224,21.432413550911246,1.0,116.0,2250
2022-01-28,PM2.5,46.381291759465476,52.86275718937867,1.0,276.0,2245
2022-01-28,PM10,60.317051509769094,60.53119516798332,2.0,316.0,2252
2022-01-29,O3,41.48737261852016,25.049352174449638,1.0,166.0,2257
2022-01-29,PM2.5,53.144754316069054,49.26060495201459,1.0,255.0,2259
2022-01-29,PM10,70.02764155149353,56.94234628826872,1.0,280.0,2243
2022-01-30,O3,45.9490474080638,30.000554864547738,1.0,128.0,2257
2022-01-30,PM2.5,85.62992474546259,56.16706021310342,2.0,315.0,2259
2022-01-30,PM10,112.81175430844013,60.6056988439378,3.0,318.0,2263
2022-01-31,O3,66.57617360496015,13.527772144516385,5.0,103.0,2258
2022-01-31,PM2.5,25.218011591618367,35.69273934148758,1.0,227.0,2243
2022-01-31,PM10,49.56125608137992,49.69019797153726,2.0,264.0,2261
2022-02-01,O3,64.46952296819788,16.724961469856975,2.0,105.0,2264
2022-02-01,PM2.5,21.283453887884267,28.4311712452736,1.0,328.0,2212
2022-02-01,PM10,30.981333333333332,36.32149786436555,2.0,366.0,2250
2022-02-02,O3,60.023461708720674,21.894246168463432,1.0,114.0,2259
2022-02-02,PM2.5,24.74197860962567,16.190537794918026,1.0,116.0,2244
2022-02-02,PM10,36.11145648312611,23.458903868314334,1.0,222.0,2252
2022-02-03,O3,63.98143236074271,22.858937932346073,1.0,130.0,2262
2022-02-03,PM2.5,24.865605658709107,19.880313231047584,1.0,126.0,2262
2022-02-03,PM10,37.28413610251878,28.87619894373132,1.0,169.0,2263
2022-02-04,O3,71.31211317418214,12.842404066951211,6.0,97.0,2262
2022-02-04,PM2.5,14.997330960854093,15.78663879381799,1.0,113.0,2248
2022-02-04,PM10,24.17316209034544,21.46694261335429,1.0,146.0,2258
2022-02-05,O3,66.33860342555995,17.483889777124666,2.0,99.0,2277
2022-02-05,PM2.5,13.664028144239227,9.778310442101452,1.0,76.0,2274
2022-02-05,PM10,23.767370272647316,15.724289213594002,1.0,136.0,2274
2022-02-06,O3,57.98109058927001,22.080270396059955,1.0,105.0,2274
2022-02-06,PM2.5,18.03566710700132,13.534373464100822,1.0,89.0,2271
2022-02-06,PM10,30.685903083700442,21.664797660366368,1.0,189.0,2270
2022-02-07,O3,50.841312056737586,25.567401446338334,1.0,120.0,2256
2022-02-07,PM2.5,22.27212389380531,15.703131470090645,1.0,141.0,2260
2022-02-07,PM10,37.583704363312556,25.423131252117162,2.0,218.0,2246
2022-02-08,O3,47.745141342756185,28.800749850327733,1.0,121.0,2264
2022-02-08,PM2.5,32.523914968999115,23.31527294354704,1.0,230.0,2258
2022-02-08,PM10,50.38141592920354,32.04117386697787,2.0,238.0,2260
2022-02-09,O3,46.51403118040089,31.02387045635294,1.0,121.0,2245
2022-02-09,PM2.5,53.658698539176626,23.727554399741624,3.0,145.0,2259
2022-02-09,PM10,76.97877045555065,31.951817032341516,3.0,194.0,2261
2022-02-10,O3,48.19166289080199,33.19095202231092,1.0,122.0,2207
2022-02-10,PM2.5,68.94407456724367,24.826919311531977,9.0,202.0,2253
2022-02-10,PM10,96.66057091882249,32.71639476443497,2.0,247.0,2242
2022-02-11,O3,46.48039215686274,27.478578086914453,1.0,136.0,2244
2022-02-11,PM2.5,64.71326485037963,33.58673463145954,1.0,200.0,2239
2022-02-11,PM10,94.46541722445338,42.66744879760715,3.0,298.0,2241
2022-02-12,O3,50.69322709163347,22.661572804461105,2.0,197.0,2259
2022-02-12,PM2.5,49.70650730411687,31.33202233943711,2.0,176.0,2259
2022-02-12,PM10,78.52408307556341,38.52543012097795,3.0,212.0,2263
2022-02-13,O3,47.848591549295776,19.133034944443096,2.0,115.0,2272
2022-02-13,PM2.5,50.40598855129899,31.647425231803595,1.0,200.0,2271
2022-02-13,PM10,73.88401947764497,41.74958343716896,2.0,410.0,2259
2022-02-14,O3,61.415636042402824,19.943625123733533,2.0,174.0,2264
2022-02-14,PM2.5,26.9769605671245,20.185875314892744,1.0,123.0,2257
2022-02-14,PM10,36.77117516629712,26.44114852698497,3.0,198.0,2255
2022-02-15,O3,57.451627284886314,21.027692307122066,1.0,101.0,2243
2022-02-15,PM2.5,27.819148936170212,18.606843722626458,1.0,140.0,2256
2022-02-15,PM10,38.80451127819549,24.374960451866553,3.0,144.0,2261
2022-02-16,O3,57.02032699955811,21.609242807309734,1.0,105.0,2263
2022-02-16,PM2.5,27.174834437086094,18.437350103410292,1.0,95.0,2265
2022-02-16,PM10,38.661226290251435,24.57262241386098,2.0,150.0,2267
2022-02-17,O3,52.19946808510638,20.127675798521793,1.0,96.0,2256
2022-02-17,PM2.5,34.750996898537885,22.85230322375566,2.0,158.0,2257
2022-02-17,PM10,48.52281789986708,27.676329400286726,3.0,189.0,2257
2022-02-18,O3,48.32203389830509,22.805400743879705,1.0,98.0,2242
2022-02-18,PM2.5,41.16569897275569,29.94776996979843,1.0,219.0,2239
2022-02-18,PM10,57.05649466192171,36.04356686383529,2.0,282.0,2248
2022-02-19,O3,66.08875464684014,17.456984412228767,1.0,99.0,2152
2022-02-19,PM2.5,13.820157189089228,12.546078568476945,1.0,100.0,2163
2022-02-19,PM10,26.83594470046083,21.89595838717261,2.0,313.0,2170
2022-02-20,O3,54.59475620975161,24.20525139579754,1.0,103.0,2174
2022-02-20,PM2.5,17.22672811059908,12.451277390275203,1.0,107.0,2170
2022-02-20,PM10,35.669581224114125,22.618698096889037,3.0,172.0,2173
2022-02-21,O3,57.89903181189488,21.91861058717668,1.0,101.0,2169
2022-02-21,PM2.5,15.824236817761332,12.625818407830307,1.0,92.0,2162
2022-02-21,PM10,33.2926267281106,23.189513580601634,3.0,183.0,2170
2022-02-22,O3,58.67759815242494,22.382430460236904,1.0,96.0,2165
2022-02-22,PM2.5,16.24455766558592,9.81366162048478,1.0,92.0,2159
2022-02-22,PM10,31.616558741905642,20.62570187404457,1.0,145.0,2162
2022-02-23,O3,43.30428954423593,27.544794768979962,1.0,97.0,2238
2022-02-23,PM2.5,25.142413487133982,14.882284110076023,1.0,120.0,2254
2022-02-23,PM10,47.37012411347518,28.031627483011007,2.0,233.0,2256
2022-02-24,O3,45.34580703336339,34.975192586828705,1.0,143.0,2218
2022-02-24,PM2.5,48.797787610619466,29.854281714659518,1.0,167.0,2260
2022-02-24,PM10,83.15787139689579,45.0501952016694,3.0,231.0,2255
2022-02-25,O3,53.956132497761864,38.71835324223978,1.0,145.0,2234
2022-02-25,PM2.5,75.23636363636363,42.5732029965376,2.0,205.0,2255
2022-02-25,PM10,120.7963620230701,57.581605723809865,16.0,291.0,2254
2022-02-26,O3,66.80150309460655,24.890244262682575,1.0,173.0,2262
2022-02-26,PM2.5,22.69507323568575,34.29233553812111,1.0,250.0,2253
2022-02-26,PM10,48.09933774834437,50.67898645825107,3.0,328.0,2265
2022-02-27,O3,51.76106194690266,31.58175913999557,1.0,145.0,2260
2022-02-27,PM2.5,28.18445322793149,15.544042993090462,1.0,159.0,2277
2022-02-27,PM10,68.61976179973533,33.5898759788042,12.0,324.0,2267
2022-02-28,O3,54.61613805970149,33.25615110889945,1.0,156.0,2144
2022-02-28,PM2.5,50.66158818097876,25.611910607671827,1.0,141.0,2166
2022-02-28,PM10,111.38336431226766,49.303695864064025,2.0,337.0,2152
2022-03-01,O3,68.75387339530766,15.61045202131505,3.0,103.0,2259
2022-03-01,PM2.5,12.066696309470876,10.535759167390362,1.0,109.0,2249
2022-03-01,PM10,31.966341895482728,31.767614475878855,1.0,401.0,2258
2022-03-02,O3,54.19440745672437,30.564513055059827,1.0,136.0,2253
2022-03-02,PM2.5,24.068523430592396,12.41302863054007,1.0,84.0,2262
2022-03-02,PM10,59.05417406749556,25.937701962780363,4.0,213.0,2252
2022-03-03,O3,53.71739130434783,29.73173879451775,1.0,126.0,2208
2022-03-03,PM2.5,34.96019677996422,20.60380430936294,1.0,163.0,2236
2022-03-03,PM10,100.09197475202886,90.26143582745217,3.0,1196.0,2218
2022-03-04,O3,63.438212494300046,32.47130605916338,1.0,119.0,2193
2022-03-04,PM2.5,40.823818019625335,33.90830506815246,1.0,204.0,2242
2022-03-04,PM10,174.0115967885816,168.6290838786206,8.0,1517.0,2242
2022-03-05,O3,61.82231040564374,23.746858987445258,1.0,106.0,2268
2022-03-05,PM2.5,14.003533568904594,10.196782293416511,1.0,71.0,2264
2022-03-05,PM10,53.114197530864196,40.009541536368545,3.0,368.0,2268
2022-03-06,O3,46.86420302760463,29.635328712384883,1.0,117.0,2246
2022-03-06,PM2.5,28.956904133685136,18.65244514879024,1.0,124.0,2274
2022-03-06,PM10,75.12115891132572,48.345554165943206,3.0,309.0,2278
2022-03-07,O3,53.1073018699911,33.68663630919302,1.0,136.0,2246
2022-03-07,PM2.5,32.232682060390765,21.767380660864347,1.0,133.0,2252
2022-03-07,PM10,74.8237378210806,46.989717924611334,4.0,267.0,2258
2022-03-08,O3,54.73994638069705,39.9691829948182,1.0,167.0,2238
2022-03-08,PM2.5,50.35485307212823,24.661611756639594,1.0,162.0,2246
2022-03-08,PM10,109.7864768683274,52.32848406146669,4.0,291.0,2248
2022-03-09,O3,65.74853537629564,47.76166835267108,1.0,181.0,2219
2022-03-09,PM2.5,81.14317375886525,35.640807771145376,2.0,175.0,2256
2022-03-09,PM10,161.75445632798574,57.70558730612097,15.0,390.0,2244
2022-03-10,O3,86.21310004486317,56.78102799516611,1.0,226.0,2229
2022-03-10,PM2.5,100.19822616407983,40.70094488846168,4.0,189.0,2255
2022-03-10,PM10,190.3752236135957,49.68722470086397,71.0,433.0,2236
2022-03-11,O3,78.58652575957728,37.05073311243916,1.0,213.0,2271
2022-03-11,PM2.5,85.38827677390921,39.09438087758819,1.0,247.0,2269
2022-03-11,PM10,160.42396109637488,64.02924156975848,31.0,404.0,2262
2022-03-12,O3,58.84340538156154,28.783491329943192,1.0,170.0,2267
2022-03-12,PM2.5,69.3076923076923,35.35061123205705,1.0,200.0,2262
2022-03-12,PM10,99.31950573698147,42.75880484546067,13.0,285.0,2266
2022-03-13,O3,49.369010300044785,31.58368021667207,1.0,131.0,2233
2022-03-13,PM2.5,77.92532037118869,44.694348521069365,1.0,388.0,2263
2022-03-13,PM10,113.71713147410358,107.31813475949313,6.0,2047.0,2259
2022-03-14,O3,69.43553389455029,28.978586430375238,1.0,144.0,2257
2022-03-14,PM2.5,53.97926775474195,44.21867915320429,1.0,500.0,2267
2022-03-14,PM10,158.62621789193977,209.22338845008542,6.0,2759.0,2258
2022-03-15,O3,68.2963620230701,28.98230980016127,1.0,169.0,2254
2022-03-15,PM2.5,57.535017730496456,34.473363352750326,1.0,282.0,2256
2022-03-15,PM10,173.91996442863496,152.65804644184422,19.0,1191.0,2249
2022-03-16,O3,60.03014842300556,24.444107617072856,1.0,114.0,2156
2022-03-16,PM2.5,45.91224018475751,31.51605277123856,1.0,195.0,2165
2022-03-16,PM10,121.18585298196949,83.45424410164308,3.0,528.0,2163
2022-03-17,O3,59.93191865605659,13.16640950637573,5.0,94.0,2262
2022-03-17,PM2.5,20.038239217429968,13.349672075403564,1.0,131.0,2249
2022-03-17,PM10,43.05028927458834,22.913716731884794,3.0,217.0,2247
2022-03-18,O3,44.29223946784922,21.316955704978632,2.0,108.0,2255
2022-03-18,PM2.5,37.41328577797592,17.021398036610815,1.0,117.0,2243
2022-03-18,PM10,54.567435669920144,25.89276611488109,2.0,201.0,2254
2022-03-19,O3,63.609799554565704,26.113442633083796,1.0,114.0,2245
2022-03-19,PM2.5,27.71804008908686,19.073582978846794,1.0,94.0,2245
2022-03-19,PM10,37.11654804270463,24.78397291297129,1.0,136.0,2248
2022-03-20,O3,59.280678268630076,30.056561683088365,1.0,123.0,2241
2022-03-20,PM2.5,42.10834813499112,25.73111719534084,1.0,157.0,2252
2022-03-20,PM10,60.982682060390765,35.30562026996119,2.0,212.0,2252
2022-03-21,O3,60.27101123595506,26.981621545500055,1.0,112.0,2225
2022-03-21,PM2.5,42.379769299023955,41.50070245329759,1.0,341.0,2254
2022-03-21,PM10,62.44577777777778,56.27755773303477,2.0,323.0,2250
2022-03-22,O3,54.70217487794052,26.398438730272673,1.0,131.0,2253
2022-03-22,PM2.5,44.04157452454666,44.038341683753956,1.0,190.0,2261
2022-03-22,PM10,65.36351590106007,56.36749929108989,1.0,246.0,2264
2022-03-23,O3,53.694295900178254,34.34364377350631,1.0,135.0,2244
2022-03-23,PM2.5,64.12809187279152,28.381214029470488,9.0,174.0,2264
2022-03-23,PM10,90.45168439716312,36.99234834145149,14.0,337.0,2256
2022-03-24,O3,39.75400824553367,30.324726756819935,1.0,142.0,2183
2022-03-24,PM2.5,79.11584553928095,34.165966331347164,1.0,183.0,2253
2022-03-24,PM10,116.82326820603907,47.16904739660155,24.0,260.0,2252
2022-03-25,O3,46.088342440801455,30.3469679136355,1.0,132.0,2196
2022-03-25,PM2.5,60.39220894200974,41.10058760415163,2.0,192.0,2259
2022-03-25,PM10,128.51461470327723,55.319892718909955,7.0,400.0,2258
2022-03-26,O3,61.95325022261799,31.352164015527443,1.0,123.0,2246
2022-03-26,PM2.5,25.216335540838852,15.982689250143787,1.0,101.0,2265
2022-03-26,PM10,106.96466431095406,63.9421778506139,13.0,643.0,2264
2022-03-27,O3,74.63769401330377,20.935811477495395,1.0,114.0,2255
2022-03-27,PM2.5,11.389160373167481,8.96781092773902,1.0,57.0,2251
2022-03-27,PM10,40.7787610619469,34.87419476363483,1.0,305.0,2260
2022-03-28,O3,70.93880266075388,35.726179354211745,1.0,141.0,2255
2022-03-28,PM2.5,30.493138556883576,11.464452125008798,2.0,84.0,2259
2022-03-28,PM10,83.09911504424778,37.87042298773478,12.0,410.0,2260
2022-03-29,O3,61.7258996001777,27.679705473370575,1.0,145.0,2251
2022-03-29,PM2.5,51.390707964601766,18.31958192207647,3.0,130.0,2260
2022-03-29,PM10,105.67789100575986,38.41323723923422,9.0,332.0,2257
2022-03-30,O3,54.613047363717605,28.916653975348144,1.0,128.0,2238
2022-03-30,PM2.5,35.8413610251878,29.311046546859007,1.0,144.0,2263
2022-03-30,PM10,60.15046604527297,49.82389756690561,2.0,312.0,2253
2022-03-31,O3,63.72084646555606,30.892348593539854,1.0,172.0,2221
2022-03-31,PM2.5,19.437221727515585,16.137441851264082,1.0,123.0,2246
2022-03-31,PM10,34.37371479660259,25.92361440522987,1.0,230.0,2237
2022-04-01,O3,69.21870824053453,31.605161642196247,1.0,138.0,2245
2022-04-01,PM2.5,22.75099689853788,15.30192461357317,1.0,120.0,2257
2022-04-01,PM10,49.521238938053095,29.233678454603627,3.0,212.0,2260
2022-04-02,O3,71.60231832367366,30.93706141563301,1.0,154.0,2243
2022-04-02,PM2.5,23.17327394209354,17.346997024337444,1.0,95.0,2245
2022-04-02,PM10,46.589309576837415,30.409010968389854,2.0,171.0,2245
2022-04-03,O3,78.00930851063829,42.42160481636216,1.0,184.0,2256
2022-04-03,PM2.5,32.15722441809398,19.346319223118236,1.0,101.0,2277
2022-04-03,PM10,68.41388400702988,31.084612412755295,3.0,202.0,2276
2022-04-04,O3,102.51445086705202,49.127585824104635,1.0,202.0,2249
2022-04-04,PM2.5,53.32157213041536,19.56181973780215,1.0,106.0,2239
2022-04-04,PM10,102.90111856823266,30.78878865072127,19.0,236.0,2235
2022-04-05,O3,90.56021409455843,35.653491290017676,1.0,195.0,2242
2022-04-05,PM2.5,41.67917783735478,27.93585184755007,1.0,115.0,2238
2022-04-05,PM10,104.23651079136691,49.80951844169715,7.0,597.0,2224
2022-04-06,O3,77.3810367744794,22.248508917135663,2.0,169.0,2257
2022-04-06,PM2.5,21.50221238938053,20.85587912844667,1.0,136.0,2260
2022-04-06,PM10,75.07873665480427,37.68403869106176,5.0,270.0,2248
2022-04-07,O3,67.81979582778517,38.318234567341186,1.0,176.0,2253
2022-04-07,PM2.5,28.67670504871568,17.6426991638063,1.0,123.0,2258
2022-04-07,PM10,77.05400619743249,35.57607496465938,6.0,234.0,2259
2022-04-08,O3,99.0168439716312,57.04012585378271,1.0,227.0,2256
2022-04-08,PM2.5,65.42149491375497,34.00578374816454,1.0,198.0,2261
2022-04-08,PM10,128.19929140832596,47.32769465669529,4.0,411.0,2258
2022-04-09,O3,102.5280353200883,47.2124056252793,1.0,285.0,2265
2022-04-09,PM2.5,66.43675628029969,35.44509018238096,1.0,198.0,2269
2022-04-09,PM10,132.39920774647888,51.682147966066765,10.0,418.0,2272
2022-04-10,O3,108.61977011494253,56.76678059620342,1.0,245.0,2175
2022-04-10,PM2.5,69.08038585209003,30.02879442263292,14.0,172.0,2177
2022-04-10,PM10,141.3413063477461,41.65403105325183,49.0,316.0,2174
2022-04-11,O3,91.01993797075764,35.343821103615745,1.0,223.0,2257
2022-04-11,PM2.5,55.59503766061143,34.15321536568276,1.0,200.0,2257
2022-04-11,PM10,161.4297777777778,107.14485191114751,24.0,1038.0,2250
2022-04-12,O3,82.73107747105966,19.788300450646986,6.0,136.0,2246
2022-04-12,PM2.5,19.087711487088157,12.854617598555592,1.0,98.0,2246
2022-04-12,PM10,66.86416443252904,36.88734089998628,2.0,546.0,2238
2022-04-13,O3,83.80844444444445,29.23711826167062,2.0,149.0,2250
2022-04-13,PM2.5,26.949755446865275,15.700669956017991,1.0,146.0,2249
2022-04-13,PM10,59.90722569134701,32.66398758827106,5.0,268.0,2242
2022-04-14,O3,73.3099910793934,28.702428790358077,1.0,130.0,2242
2022-04-14,PM2.5,19.074534161490682,12.323275642649396,1.0,63.0,2254
2022-04-14,PM10,43.35155555555556,24.881487268476498,2.0,169.0,2250
2022-04-15,O3,79.43280282935456,25.17417035853461,2.0,142.0,2262
2022-04-15,PM2.5,17.10731707317073,12.621981833140891,1.0,79.0,2255
2022-04-15,PM10,37.62477797513321,26.26345495809986,2.0,193.0,2252
2022-04-16,O3,75.79448398576513,37.23507279071938,1.0,151.0,2248
2022-04-16,PM2.5,20.019572953736656,13.476702230904952,1.0,110.0,2248
2022-04-16,PM10,48.076478434859936,29.376557758071257,3.0,283.0,2249
2022-04-17,O3,79.39558498896247,35.48504367869002,1.0,157.0,2265
2022-04-17,PM2.5,39.13070447496677,18.990756819135168,1.0,130.0,2257
2022-04-17,PM10,80.0958110516934,31.26505627043604,9.0,363.0,2244
2022-04-18,O3,95.94070441373161,43.96314831794266,1.0,201.0,2243
2022-04-18,PM2.5,45.65526432696579,23.19280136481603,1.0,138.0,2251
2022-04-18,PM10,81.71996426976328,39.75024426877198,3.0,196.0,2239
2022-04-19,O3,93.8173719376392,41.83540301505196,1.0,184.0,2245
2022-04-19,PM2.5,41.73071778867588,27.25398900844071,1.0,177.0,2243
2022-04-19,PM10,75.40528437080161,40.200873910446866,3.0,219.0,2233
2022-04-20,O3,110.96611680784663,47.27503417648266,2.0,214.0,2243
2022-04-20,PM2.5,38.04681230494873,16.37266739105101,2.0,110.0,2243
2022-04-20,PM10,88.49531040643144,26.037349927131594,4.0,251.0,2239
2022-04-21,O3,94.27139037433155,23.612209099657914,3.0,164.0,2244
2022-04-21,PM2.5,41.362539114886005,32.43007663743338,1.0,318.0,2237
2022-04-21,PM10,150.1385165326184,142.07859009723867,3.0,1418.0,2238
2022-04-22,O3,80.51734875444839,23.15933248664833,1.0,134.0,2248
2022-04-22,PM2.5,17.255461435577352,12.167881619688403,1.0,128.0,2243
2022-04-22,PM10,56.98168825368468,37.44582061542361,3.0,314.0,2239
2022-04-23,O3,90.78622222222222,48.773417955498346,1.0,216.0,2250
2022-04-23,PM2.5,37.171151301279224,15.685956301644165,1.0,174.0,2267
2022-04-23,PM10,108.29552503322995,38.03721031494777,14.0,343.0,2257
2022-04-24,O3,96.06288751107175,45.24253639210634,1.0,227.0,2258
2022-04-24,PM2.5,48.720425343376164,20.00213312053458,2.0,142.0,2257
2022-04-24,PM10,126.46566238369518,41.30533821877783,32.0,285.0,2257
2022-04-25,O3,92.97961896322552,52.12788482967037,1.0,238.0,2257
2022-04-25,PM2.5,57.325210456358,26.508484154656678,4.0,288.0,2257
2022-04-25,PM10,131.21152993348116,94.2827565460223,17.0,1832.0,2255
2022-04-26,O3,81.29503799731783,24.257404428583815,2.0,165.0,2237
2022-04-26,PM2.5,33.524531668153436,26.41022656553239,1.0,158.0,2242
2022-04-26,PM10,130.94892473118279,90.43830987534558,3.0,627.0,2232
2022-04-27,O3,71.06183274021352,16.656547413255584,14.0,119.0,2248
2022-04-27,PM2.5,17.21377777777778,12.786002292244591,1.0,126.0,2250
2022-04-27,PM10,61.55071174377224,48.676487683789134,2.0,278.0,2248
2022-04-28,O3,62.124664879356565,20.270073497138167,2.0,115.0,2238
2022-04-28,PM2.5,22.11819803746655,12.128395723952313,1.0,130.0,2242
2022-04-28,PM10,36.403125,22.64525512155006,3.0,270.0,2240
2022-04-29,O3,61.61889692585895,36.783466205959975,1.0,154.0,2212
2022-04-29,PM2.5,41.369085173501574,20.2718869444787,1.0,156.0,2219
2022-04-29,PM10,61.73596766951055,28.30649453984216,4.0,208.0,2227
2022-04-30,O3,75.4151865008881,21.493511770611693,1.0,118.0,2252
2022-04-30,PM2.5,13.704131497112394,17.040586453007023,1.0,90.0,2251
2022-04-30,PM10,29.71802841918295,26.460969850331477,2.0,187.0,2252
2022-05-01,O3,71.89022222222222,32.90456155401145,1.0,143.0,2250
2022-05-01,PM2.5,15.511658600967884,9.797733135361552,1.0,100.0,2273
2022-05-01,PM10,41.47051056338028,20.62116400742245,3.0,185.0,2272
2022-05-02,O3,76.48128101037437,44.425351442303565,1.0,165.0,2217
2022-05-02,PM2.5,23.253476895468822,11.947540964870132,1.0,94.0,2229
2022-05-02,PM10,54.22515666965085,27.152737407114515,9.0,219.0,2234
2022-05-03,O3,103.52050168837434,53.523596550386,1.0,239.0,2073
2022-05-03,PM2.5,29.45608108108108,13.166296099581038,1.0,110.0,2072
2022-05-03,PM10,73.77568740955138,29.10293038497145,9.0,303.0,2073
2022-05-04,O3,120.83668005354752,50.09527836312681,1.0,259.0,2241
2022-05-04,PM2.5,31.07820224719101,13.952928778116299,1.0,128.0,2225
2022-05-04,PM10,84.36742934051144,29.794119901340157,17.0,235.0,2229
2022-05-05,O3,125.91991150442477,45.22227554316459,3.0,309.0,2260
2022-05-05,PM2.5,32.03763440860215,13.526272701130173,2.0,147.0,2232
2022-05-05,PM10,87.43772241992883,32.13938505449282,8.0,368.0,2248
2022-05-06,O3,77.0035445281347,28.185740444361002,2.0,228.0,2257
2022-05-06,PM2.5,24.64547896150403,15.477699603664211,1.0,229.0,2234
2022-05-06,PM10,81.21936056838366,70.86140763708207,3.0,981.0,2252
2022-05-07,O3,61.365240405822675,23.9616071106671,1.0,108.0,2267
2022-05-07,PM2.5,17.93495575221239,10.057301281598289,1.0,102.0,2260
2022-05-07,PM10,39.88471731448763,20.726181689566527,2.0,217.0,2264
2022-05-08,O3,61.63171806167401,21.492362297717992,1.0,116.0,2270
2022-05-08,PM2.5,22.56028368794326,13.497730985743225,1.0,99.0,2256
2022-05-08,PM10,35.93808049535604,21.74748869648792,2.0,270.0,2261
2022-05-09,O3,62.85534024335286,37.66401454952104,1.0,161.0,2219
2022-05-09,PM2.5,28.416925121843153,14.981966318906057,1.0,76.0,2257
2022-05-09,PM10,43.166666666666664,21.864029312498136,1.0,183.0,2250
2022-05-10,O3,64.11348464619492,38.28471827636088,1.0,297.0,2247
2022-05-10,PM2.5,47.853072128227964,21.70382185837688,1.0,158.0,2246
2022-05-10,PM10,68.57904085257549,29.801600702120567,2.0,223.0,2252
2022-05-11,O3,68.31340495095749,33.6195483802486,1.0,177.0,2141
2022-05-11,PM2.5,35.16689847009736,28.52923832300884,1.0,141.0,2157
2022-05-11,PM10,52.44619666048237,39.1625860249511,1.0,222.0,2156
2022-05-12,O3,75.30670217487794,20.503851616533154,3.0,262.0,2253
2022-05-12,PM2.5,17.32476739034116,18.004786267399215,1.0,137.0,2257
2022-05-12,PM10,28.618077093486928,26.886778991935444,1.0,263.0,2257
2022-05-13,O3,72.70783532536521,27.508839348141688,2.0,133.0,2259
2022-05-13,PM2.5,13.131625441696112,10.788456884632707,1.0,74.0,2264
2022-05-13,PM10,29.345285524568393,16.560494189895483,3.0,127.0,2259
2022-05-14,O3,65.50066342326404,34.098234969611575,1.0,144.0,2261
2022-05-14,PM2.5,13.399029982363317,10.881595343737544,1.0,92.0,2268
2022-05-14,PM10,35.32012329370321,25.89558573956215,1.0,196.0,2271
2022-05-15,O3,70.24630541871922,38.284464126725545,1.0,158.0,2233
2022-05-15,PM2.5,18.345591493132478,14.902763236256634,1.0,105.0,2257
2022-05-15,PM10,43.4437527790129,31.17699393732153,3.0,227.0,2249
2022-05-16,O3,76.8818302976455,37.612810130906965,1.0,184.0,2251
2022-05-16,PM2.5,18.841802916482546,12.585779303383912,1.0,92.0,2263
2022-05-16,PM10,46.38930623066726,28.52447392248413,3.0,212.0,2263
2022-05-17,O3,96.68425760286226,52.49807512387303,1.0,227.0,2236
2022-05-17,PM2.5,29.369031682284696,13.990654922725328,2.0,116.0,2241
2022-05-17,PM10,69.97858099062918,28.641539467744252,6.0,235.0,2241
2022-05-18,O3,103.19432120674357,48.71547368959768,2.0,242.0,2254
2022-05-18,PM2.5,32.53534904401956,22.504260154479404,1.0,141.0,2249
2022-05-18,PM10,67.43385300668152,41.804867669664624,5.0,261.0,2245
2022-05-19,O3,114.13246519982039,59.4022156599424,1.0,261.0,2227
2022-05-19,PM2.5,34.38876404494382,15.53568880231265,3.0,125.0,2225
2022-05-19,PM10,73.56879496402878,29.411795601260636,9.0,215.0,2224
2022-05-20,O3,120.60389036251105,60.783053670511606,1.0,282.0,2262
2022-05-20,PM2.5,31.41304347826087,17.242264272713896,1.0,154.0,2254
2022-05-20,PM10,71.50176991150443,35.55340612561474,4.0,261.0,2260
2022-05-21,O3,122.87593818984547,58.59971648414922,2.0,270.0,2265
2022-05-21,PM2.5,28.390652557319225,11.965114669851898,1.0,79.0,2268
2022-05-21,PM10,68.95375722543352,30.56130584882081,2.0,428.0,2249
2022-05-22,O3,131.13348115299334,61.57911221210139,2.0,288.0,2255
2022-05-22,PM2.5,29.18045112781955,10.306028859104385,1.0,111.0,2261
2022-05-22,PM10,72.16872791519435,24.82724361644443,4.0,246.0,2264
2022-05-23,O3,129.18829740431147,54.56292519922356,3.0,269.0,2273
2022-05-23,PM2.5,31.813747228381374,11.675125145180187,2.0,118.0,2255
2022-05-23,PM10,68.96635679504206,25.836354988569155,7.0,221.0,2259
2022-05-24,O3,128.380168963984,58.95838097514402,2.0,285.0,2249
2022-05-24,PM2.5,31.60508701472557,13.427204730195774,1.0,119.0,2241
2022-05-24,PM10,67.56303275011216,25.127690001266235,7.0,241.0,2229
2022-05-25,O3,92.9211229946524,21.42629282930979,2.0,192.0,2244
2022-05-25,PM2.5,12.204626334519572,11.293202374799085,1.0,72.0,2248
2022-05-25,PM10,40.57690592955863,35.4867025243699,2.0,486.0,2243
2022-05-26,O3,79.84818629646216,38.45206585066443,2.0,229.0,2233
2022-05-26,PM2.5,13.289118705035971,11.156850507741696,1.0,106.0,2224
2022-05-26,PM10,42.292639138240574,31.200279651087175,2.0,244.0,2228
2022-05-27,O3,92.92171605484299,51.03085564737637,2.0,269.0,2261
2022-05-27,PM2.5,16.142350332594233,10.409770814026055,1.0,72.0,2255
2022-05-27,PM10,50.42565468264536,27.96412638495512,3.0,261.0,2253
2022-05-28,O3,148.387153541575,61.30666679294765,2.0,319.0,2273
2022-05-28,PM2.5,28.26977152899824,11.380585792841368,1.0,87.0,2276
2022-05-28,PM10,79.92791208791209,27.631119401444575,7.0,285.0,2275
2022-05-29,O3,99.20176211453744,30.551044834952652,2.0,239.0,2270
2022-05-29,PM2.5,20.83730158730159,12.925627789066828,1.0,91.0,2268
2022-05-29,PM10,56.53333333333333,37.62679364104343,2.0,277.0,2265
2022-05-30,O3,83.80240320427237,41.954922442355404,1.0,205.0,2247
2022-05-30,PM2.5,12.739536954585931,8.26952017886265,1.0,81.0,2246
2022-05-30,PM10,39.75166889185581,22.46272124386134,3.0,193.0,2247
2022-05-31,O3,108.8671620993962,60.74244168004989,1.0,276.0,2153
2022-05-31,PM2.5,20.98701298701299,11.527164745518833,1.0,104.0,2156
2022-05-31,PM10,67.65388170055454,44.507988843401385,4.0,662.0,2164
2022-06-01,O3,108.37915742793791,55.62905659898191,1.0,305.0,2255
2022-06-01,PM2.5,20.406529516994635,12.597375011744191,1.0,101.0,2236
2022-06-01,PM10,52.61032028469751,33.95228125455668,3.0,227.0,2248
2022-06-02,O3,143.72133333333332,80.15826089264496,2.0,345.0,2250
2022-06-02,PM2.5,26.127932713590084,12.826765319591127,1.0,104.0,2259
2022-06-02,PM10,69.01950354609929,35.62274717179446,3.0,356.0,2256
2022-06-03,O3,166.07952021323857,71.63607731151872,4.0,336.0,2251
2022-06-03,PM2.5,39.95829636202307,17.252934370457616,2.0,138.0,2254
2022-06-03,PM10,90.40727595385981,33.60347433574639,20.0,269.0,2254
2022-06-04,O3,117.54657293497364,41.095852544260275,14.0,234.0,2276
2022-06-04,PM2.5,34.337885462555064,22.359850758115698,1.0,146.0,2270
2022-06-04,PM10,70.36171151301279,39.45519699815115,4.0,253.0,2267
2022-06-05,O3,86.46352941176471,38.42500670766928,1.0,242.0,2125
2022-06-05,PM2.5,19.91341176470588,18.396957136691746,1.0,103.0,2125
2022-06-05,PM10,52.091337099811675,38.0528814856502,3.0,209.0,2124
2022-06-06,O3,84.50626118067979,30.729392736777935,2.0,174.0,2236
2022-06-06,PM2.5,8.411051212938006,7.975729359944052,1.0,72.0,2226
2022-06-06,PM10,26.89852481001341,27.647874983774166,2.0,216.0,2237
2022-06-07,O3,99.66851595006935,51.18378281879263,3.0,295.0,2163
2022-06-07,PM2.5,14.169366034243406,10.289425976154952,1.0,74.0,2161
2022-06-07,PM10,42.16211208893006,31.69242863490495,1.0,221.0,2159
2022-06-08,O3,105.55948695267581,46.1241006643877,5.0,272.0,2261
2022-06-08,PM2.5,21.613716814159293,10.589980545553614,2.0,123.0,2260
2022-06-08,PM10,54.196,33.5354576132984,2.0,357.0,2250
2022-06-09,O3,102.2728476821192,49.770259744403226,1.0,318.0,2265
2022-06-09,PM2.5,27.288546255506606,11.583483650497403,1.0,92.0,2270
2022-06-09,PM10,57.75883392226148,27.833714996619733,4.0,194.0,2264
2022-06-10,O3,111.20870337477797,45.72706458757833,1.0,290.0,2252
2022-06-10,PM2.5,29.017317939609235,12.467263074917389,3.0,80.0,2252
2022-06-10,PM10,59.940071556350624,24.634664858611977,7.0,273.0,2236
2022-06-11,O3,113.16577777777778,43.55633473452711,3.0,257.0,2250
2022-06-11,PM2.5,29.837633451957295,16.058552452041447,4.0,116.0,2248
2022-06-11,PM10,61.07111111111111,30.761351091713355,9.0,322.0,2250
2022-06-12,O3,104.37405731523378,41.57606258496725,4.0,227.0,1989
2022-06-12,PM2.5,21.272498743086977,11.266021063755064,1.0,102.0,1989
2022-06-12,PM10,40.61751383995974,19.930418852366973,4.0,158.0,1987
2022-06-13,O3,104.11300639658849,31.026377937484845,2.0,228.0,1407
2022-06-13,PM2.5,16.361170592433975,8.888284668029053,1.0,68.0,1401
2022-06-13,PM10,35.14357501794688,22.991919130323623,2.0,280.0,1393
2022-06-14,O3,87.90501792114695,42.468277554857124,2.0,206.0,2232
2022-06-14,PM2.5,17.622489959839356,10.464419358710709,1.0,55.0,2241
2022-06-14,PM10,35.083781362007166,19.690382694288548,2.0,129.0,2232
2022-06-15,O3,97.98792486583184,55.627847051705594,1.0,264.0,2236
2022-06-15,PM2.5,22.288203753351205,11.814682943519601,1.0,100.0,2238
2022-06-15,PM10,44.8045719408337,27.30923232247881,2.0,238.0,2231
2022-06-16,O3,132.42895204262877,70.0974506657922,1.0,336.0,2252
2022-06-16,PM2.5,30.92232578783844,15.939569176058773,1.0,123.0,2253
2022-06-16,PM10,63.283170080142476,32.37645814131094,3.0,258.0,2246
2022-06-17,O3,151.62857142857143,68.42295906003052,6.0,328.0,2240
2022-06-17,PM2.5,41.99554565701559,20.236133369410638,1.0,142.0,2245
2022-06-17,PM10,81.35181046043809,38.335962363772275,11.0,403.0,2237
2022-06-18,O3,155.76531531531532,59.03299859484333,3.0,309.0,2220
2022-06-18,PM2.5,35.79153674832962,15.516274080316746,1.0,118.0,2245
2022-06-18,PM10,71.95456570155902,29.38327756245886,5.0,191.0,2245
2022-06-19,O3,152.83658104517272,59.19232251286173,4.0,298.0,2258
2022-06-19,PM2.5,34.87300884955752,14.826706255283156,5.0,106.0,2260
2022-06-19,PM10,67.96263736263737,27.6518212676479,13.0,215.0,2275
2022-06-20,O3,154.30240856378234,63.81536622589374,3.0,312.0,2242
2022-06-20,PM2.5,38.60026443367122,15.224403988075482,6.0,126.0,2269
2022-06-20,PM10,73.86212991604066,25.88455440345462,2.0,223.0,2263
2022-06-21,O3,144.10022471910113,64.56286423441689,1.0,317.0,2225
2022-06-21,PM2.5,40.399010346378766,24.51100790853368,2.0,223.0,2223
2022-06-21,PM10,78.85308477585441,39.71027101498809,10.0,228.0,2253
2022-06-22,O3,98.30576665176575,39.1263719211163,13.0,239.0,2237
2022-06-22,PM2.5,40.86772009029345,21.0603801635908,2.0,116.0,2215
2022-06-22,PM10,67.02442273534636,30.434637594677238,2.0,188.0,2252
2022-06-23,O3,105.28179775280898,51.26974845735489,2.0,279.0,2225
2022-06-23,PM2.5,21.790489008524002,23.25068833423418,1.0,139.0,2229
2022-06-23,PM10,35.12787032868077,31.322103201316466,1.0,358.0,2221
2022-06-24,O3,102.37578475336323,50.15339292304738,2.0,251.0,2230
2022-06-24,PM2.5,10.24517287831163,8.679705401636713,1.0,63.0,2227
2022-06-24,PM10,29.613297150610585,24.3268707216153,1.0,185.0,2211
2022-06-25,O3,151.66299073665638,92.74930881340924,1.0,396.0,2267
2022-06-25,PM2.5,21.132625994694962,10.67509501096773,1.0,76.0,2262
2022-06-25,PM10,57.73677248677249,26.196313649870998,3.0,190.0,2268
2022-06-26,O3,127.95837023914969,51.962658148020175,1.0,316.0,2258
2022-06-26,PM2.5,25.02462620932278,11.45962705767137,1.0,102.0,2274
2022-06-26,PM10,58.74092116917626,30.384117795470388,1.0,285.0,2258
2022-06-27,O3,108.77202301903498,36.14376385041229,2.0,245.0,2259
2022-06-27,PM2.5,24.869796279893713,14.549322364611786,1.0,101.0,2258
2022-06-27,PM10,39.31628532974428,25.887651274096815,2.0,220.0,2229
2022-06-28,O3,87.60790408525754,31.04846938009873,2.0,202.0,2252
2022-06-28,PM2.5,15.13876454789615,10.317801129060042,1.0,72.0,2234
2022-06-28,PM10,25.359786000891663,16.699017309090117,1.0,114.0,2243
2022-06-29,O3,82.92986425339366,35.84661976881992,3.0,207.0,2210
2022-06-29,PM2.5,14.40334993209597,11.010830817733135,1.0,110.0,2209
2022-06-29,PM10,25.36789900811542,16.58953620919913,1.0,143.0,2218
2022-06-30,O3,86.95497953615279,46.05786809788017,1.0,198.0,2199
2022-06-30,PM2.5,18.995009074410163,11.244255341104685,1.0,73.0,2204
2022-06-30,PM10,33.166817769718946,17.41848794095005,2.0,140.0,2206
2022-07-01,O3,97.87994542974079,45.6107375963237,3.0,245.0,2199
2022-07-01,PM2.5,20.94446973145198,11.150014140905512,1.0,72.0,2197
2022-07-01,PM10,35.36036446469248,19.39795390788667,1.0,192.0,2195
2022-07-02,O3,110.49246453900709,55.84553906980368,1.0,246.0,2256
2022-07-02,PM2.5,30.673487544483987,12.787170016017154,2.0,80.0,2248
2022-07-02,PM10,49.70679697912039,20.167143491108156,2.0,162.0,2251
2022-07-03,O3,98.30336581045172,28.75327373373978,2.0,179.0,2258
2022-07-03,PM2.5,22.41729490022173,13.298955921523033,1.0,83.0,2255
2022-07-03,PM10,32.678618857901725,19.553930794431825,1.0,116.0,2259
2022-07-04,O3,90.29271582733813,43.101709861489184,2.0,243.0,2224
2022-07-04,PM2.5,21.390058217644423,12.81556898700017,1.0,74.0,2233
2022-07-04,PM10,32.32017937219731,18.15821586927718,1.0,109.0,2230
2022-07-05,O3,87.03435966086569,40.51903522073483,1.0,223.0,2241
2022-07-05,PM2.5,27.54517133956386,18.103681577316966,1.0,101.0,2247
2022-07-05,PM10,40.81810115350488,24.266026194513604,1.0,154.0,2254
2022-07-06,O3,72.16952209197476,39.930475307624306,1.0,190.0,2218
2022-07-06,PM2.5,11.037003610108304,7.468494769787333,1.0,45.0,2216
2022-07-06,PM10,21.87556973564266,17.63556723742398,1.0,156.0,2194
2022-07-07,O3,98.98058690744921,67.9680450918362,1.0,277.0,2215
2022-07-07,PM2.5,15.479856759176366,9.743983143439099,1.0,73.0,2234
2022-07-07,PM10,38.63754480286738,27.407646927473348,1.0,231.0,2232
2022-07-08,O3,125.80984340044743,61.12678057574188,2.0,315.0,2235
2022-07-08,PM2.5,23.653487338960463,13.55472839946605,1.0,102.0,2251
2022-07-08,PM10,53.332289803220036,25.886484243559277,4.0,215.0,2236
2022-07-09,O3,94.15958873491283,47.34238856876943,1.0,241.0,2237
2022-07-09,PM2.5,20.506714413607877,17.737572714521917,1.0,139.0,2234
2022-07-09,PM10,46.072963294538944,33.45526487681815,2.0,190.0,2234
2022-07-10,O3,93.57477876106195,29.8484102420481,1.0,190.0,2260
2022-07-10,PM2.5,13.134751773049645,8.106041314319043,1.0,78.0,2256
2022-07-10,PM10,25.83651710350955,14.244483267263547,1.0,126.0,2251
2022-07-11,O3,84.22439893143365,41.56871009987106,2.0,227.0,2246
2022-07-11,PM2.5,21.80008865248227,11.704412848750025,1.0,78.0,2256
2022-07-11,PM10,38.854845913354175,18.527815778861672,2.0,143.0,2239
2022-07-12,O3,88.17903733693207,25.410288181208166,3.0,178.0,2223
2022-07-12,PM2.5,14.34761045987376,11.138908815552314,1.0,69.0,2218
2022-07-12,PM10,22.30633484162896,16.98087307435984,1.0,102.0,2210
2022-07-13,O3,89.02636363636364,53.67437373521715,1.0,243.0,2200
2022-07-13,PM2.5,15.129770992366412,9.54918955654829,1.0,73.0,2227
2022-07-13,PM10,31.09311740890688,20.955533376191646,2.0,284.0,2223
2022-07-14,O3,86.48373743347132,55.52501049550529,1.0,255.0,1691
2022-07-14,PM2.5,19.078014184397162,15.145349802590392,1.0,102.0,1692
2022-07-14,PM10,41.749852854620364,29.694408716835962,2.0,222.0,1699
2022-07-15,O3,100.17731773177317,56.55037715242724,1.0,277.0,2222
2022-07-15,PM2.5,21.69440715883669,20.0358323316314,1.0,159.0,2235
2022-07-15,PM10,47.44260089686099,34.51654671056737,3.0,219.0,2230
2022-07-16,O3,102.9117125110914,58.22743794874794,1.0,404.0,2254
2022-07-16,PM2.5,23.755389353277607,15.426421539475841,1.0,103.0,2273
2022-07-16,PM10,50.84808454425363,28.39433112690502,3.0,232.0,2271
2022-07-17,O3,94.15415194346289,42.92989396076135,2.0,223.0,2264
2022-07-17,PM2.5,17.575044404973358,13.941108014473153,1.0,75.0,2252
2022-07-17,PM10,36.93821712268314,24.70985515786867,1.0,158.0,2266
2022-07-18,O3,90.35051088405153,44.89807028863313,1.0,244.0,2251
2022-07-18,PM2.5,13.10412051395658,9.443076941204602,1.0,70.0,2257
2022-07-18,PM10,35.84755555555556,24.702736794448555,2.0,256.0,2250
2022-07-19,O3,94.05977528089888,53.75984487791809,1.0,234.0,2225
2022-07-19,PM2.5,18.9834451901566,11.438081288699884,1.0,72.0,2235
2022-07-19,PM10,49.56950067476383,24.84183899247401,2.0,210.0,2223
2022-07-20,O3,105.97931654676259,45.9356909351668,2.0,231.0,2224
2022-07-20,PM2.5,20.90620812862885,14.517278115092026,1.0,105.0,2239
2022-07-20,PM10,43.68520179372197,25.62176600316056,1.0,158.0,2230
2022-07-21,O3,113.22739602169982,59.05493894377754,1.0,294.0,2212
2022-07-21,PM2.5,22.892148014440433,12.882333763098513,1.0,80.0,2216
2022-07-21,PM10,46.78013544018059,24.030942487164026,2.0,185.0,2215
2022-07-22,O3,100.70119156736939,50.35520564468738,1.0,238.0,2182
2022-07-22,PM2.5,25.27380410022779,14.127122877315836,1.0,115.0,2195
2022-07-22,PM10,54.248966467615986,37.22056235346779,5.0,571.0,2177
2022-07-23,O3,102.99911426040744,42.48479120479495,2.0,253.0,2258
2022-07-23,PM2.5,15.038920831490492,10.148446500419835,1.0,92.0,2261
2022-07-23,PM10,27.47464412811388,16.22701707210566,2.0,185.0,2248
2022-07-24,O3,115.82300490414623,58.56867102442289,2.0,296.0,2243
2022-07-24,PM2.5,22.337627721012883,11.78678119704995,1.0,75.0,2251
2022-07-24,PM10,46.97197508896797,22.221118990615864,2.0,210.0,2248
2022-07-25,O3,115.52412868632707,47.8384335760604,1.0,236.0,2238
2022-07-25,PM2.5,24.026164079822617,12.408413144770122,1.0,86.0,2255
2022-07-25,PM10,47.93149466192171,21.00884674460328,3.0,130.0,2248
2022-07-26,O3,107.84014209591474,41.39178604103956,2.0,230.0,2252
2022-07-26,PM2.5,26.92482206405694,15.070036598569288,2.0,96.0,2248
2022-07-26,PM10,45.62349799732977,23.542360946293456,3.0,169.0,2247
2022-07-27,O3,87.23453493546951,33.27531711361402,6.0,244.0,2247
2022-07-27,PM2.5,21.288075033497098,12.667055940890316,1.0,74.0,2239
2022-07-27,PM10,35.16427931960609,21.420698721137644,1.0,158.0,2234
2022-07-28,O3,80.49597855227881,36.30186631124648,2.0,198.0,2238
2022-07-28,PM2.5,12.491971454058875,8.952106572268603,1.0,70.0,2242
2022-07-28,PM10,22.656306306306305,17.312454009588137,1.0,203.0,2220
2022-07-29,O3,90.290770609319,54.28329994730978,1.0,220.0,2232
2022-07-29,PM2.5,16.372175454142667,8.554533879612562,1.0,59.0,2257
2022-07-29,PM10,34.51592920353982,22.2288621533392,2.0,228.0,2260
2022-07-30,O3,96.35500878734622,44.18848008162706,2.0,196.0,2276
2022-07-30,PM2.5,26.20324846356453,14.118818753820559,1.0,114.0,2278
2022-07-30,PM10,44.601668862538425,22.085609310794194,2.0,219.0,2277
2022-07-31,O3,90.46208425720621,52.43251182540333,1.0,224.0,2255
2022-07-31,PM2.5,25.999556933983165,9.767455650219954,2.0,72.0,2257
2022-07-31,PM10,43.5330376940133,16.18317114303309,8.0,137.0,2255
2022-08-01,O3,103.48797862867319,58.72603118579363,2.0,265.0,2246
2022-08-01,PM2.5,31.827144120247567,10.24866369739175,1.0,75.0,2262
2022-08-01,PM10,53.36142983230362,17.32597228208475,2.0,170.0,2266
2022-08-02,O3,108.77758007117438,48.49399562034247,1.0,215.0,2248
2022-08-02,PM2.5,35.76858407079646,12.855837306935753,2.0,84.0,2260
2022-08-02,PM10,57.44582043343653,18.709121595432137,10.0,173.0,2261
2022-08-03,O3,108.8254822790489,47.4795751350534,2.0,262.0,2229
2022-08-03,PM2.5,35.75322365495776,16.18960080906339,5.0,99.0,2249
2022-08-03,PM10,57.38228749443703,20.739452362803128,12.0,177.0,2247
2022-08-04,O3,108.94419642857143,45.9805569573083,1.0,234.0,2240
2022-08-04,PM2.5,33.230973451327436,13.539117888979494,2.0,113.0,2260
2022-08-04,PM10,54.619680851063826,20.136278679216776,2.0,215.0,2256
2022-08-05,O3,108.85675917636526,52.85117092459224,1.0,273.0,2234
2022-08-05,PM2.5,21.87012411347518,12.378396918352706,1.0,96.0,2256
2022-08-05,PM10,38.88672566371682,20.555073892595214,2.0,184.0,2260
2022-08-06,O3,93.2659192825112,48.250733909544095,1.0,410.0,2230
2022-08-06,PM2.5,24.4971072541166,16.433352216247997,1.0,130.0,2247
2022-08-06,PM10,44.27296937416778,24.287915744997125,1.0,278.0,2253
2022-08-07,O3,85.40569395017793,39.387255236335534,3.0,211.0,2248
2022-08-07,PM2.5,21.2734132268087,11.180867429335976,1.0,72.0,2253
2022-08-07,PM10,34.306049822064054,16.682099822949624,2.0,115.0,2248
2022-08-08,O3,59.93721770551039,21.81388667522213,1.0,150.0,2214
2022-08-08,PM2.5,13.63162623539982,12.149634846986425,1.0,83.0,2226
2022-08-08,PM10,26.06314839873703,19.39170987610141,1.0,133.0,2217
2022-08-09,O3,57.2666368914694,23.80934974391645,1.0,132.0,2239
2022-08-09,PM2.5,9.230666666666666,5.035839729159157,1.0,42.0,2250
2022-08-09,PM10,17.641986455981943,9.506255401842177,1.0,90.0,2215
2022-08-10,O3,70.34718498659518,45.101668673099454,1.0,229.0,2238
2022-08-10,PM2.5,12.490222222222222,7.2494684828579405,1.0,68.0,2250
2022-08-10,PM10,23.370138578453286,11.875180167224471,1.0,112.0,2237
2022-08-11,O3,86.27996422182468,52.0427560152802,1.0,249.0,2236
2022-08-11,PM2.5,20.337522441651707,12.400269715385544,1.0,123.0,2228
2022-08-11,PM10,38.258527827648116,19.557206608516978,2.0,149.0,2228
2022-08-12,O3,96.96526169522927,55.45127673913021,1.0,226.0,2159
2022-08-12,PM2.5,35.56844547563805,18.20400830765369,1.0,127.0,2155
2022-08-12,PM10,59.04600371747212,26.26666974361349,1.0,277.0,2152
2022-08-13,O3,101.00753212228622,43.11381970658122,8.0,215.0,2257
2022-08-13,PM2.5,32.96719858156028,16.503566838510682,1.0,90.0,2256
2022-08-13,PM10,49.6098535286285,21.949039768532348,2.0,139.0,2253
2022-08-14,O3,72.7828773168579,30.131728853307997,1.0,178.0,2266
2022-08-14,PM2.5,23.79138925876609,14.209733805422209,1.0,94.0,2253
2022-08-14,PM10,36.437333333333335,20.27694546358828,1.0,138.0,2250
2022-08-15,O3,63.754557581147175,36.20974492169561,1.0,195.0,2249
2022-08-15,PM2.5,13.403795233892321,11.638295571660068,1.0,70.0,2266
2022-08-15,PM10,26.259375,19.838795676529593,2.0,165.0,2240
2022-08-16,O3,78.95197865718097,46.01624983002512,1.0,243.0,2249
2022-08-16,PM2.5,10.907589285714286,8.06502233474187,1.0,52.0,2240
2022-08-16,PM10,28.053435114503817,20.989815577559547,1.0,155.0,2227
2022-08-17,O3,91.54708520179372,49.66928545401997,1.0,246.0,2230
2022-08-17,PM2.5,20.55933721450963,9.070613857133404,1.0,64.0,2233
2022-08-17,PM10,44.19855920756416,17.232413405113327,3.0,150.0,2221
2022-08-18,O3,83.19664162615996,35.303478780390854,2.0,215.0,2263
2022-08-18,PM2.5,27.878868258178603,13.59381083982224,1.0,84.0,2262
2022-08-18,PM10,44.66785396260018,23.5263272985889,1.0,144.0,2246
2022-08-19,O3,66.11612326931666,32.87973815075147,1.0,161.0,2239
2022-08-19,PM2.5,15.442316258351893,14.026061964573534,1.0,76.0,2245
2022-08-19,PM10,27.0633423180593,21.06469806032087,2.0,183.0,2226
2022-08-20,O3,76.46714349575323,46.40170192417958,1.0,174.0,2237
2022-08-20,PM2.5,11.508182220256524,7.49450922786345,1.0,58.0,2261
2022-08-20,PM10,31.595829636202307,21.23348881794514,3.0,217.0,2254
2022-08-21,O3,103.02063213345039,53.06759331437467,3.0,259.0,2278
2022-08-21,PM2.5,24.084395604395603,12.132669475047523,1.0,78.0,2275
2022-08-21,PM10,49.2141600703606,17.72179096846733,4.0,148.0,2274
2022-08-22,O3,92.73777777777778,29.324387187980882,3.0,205.0,2250
2022-08-22,PM2.5,15.568888888888889,13.989898295591274,1.0,88.0,2250
2022-08-22,PM10,26.009799554565703,21.788718034572643,1.0,210.0,2245
2022-08-23,O3,54.89955555555556,29.218983932106386,1.0,145.0,2250
2022-08-23,PM2.5,7.882978723404255,6.153586366482563,1.0,45.0,2256
2022-08-23,PM10,22.461093819475323,17.355781218703985,1.0,163.0,2249
2022-08-24,O3,65.32754010695187,37.645784705198245,1.0,166.0,2244
2022-08-24,PM2.5,12.061306086183919,10.571025245880731,1.0,103.0,2251
2022-08-24,PM10,28.02905677246312,16.00096542837491,1.0,121.0,2237
2022-08-25,O3,65.48698384201077,34.458849489470474,1.0,181.0,2228
2022-08-25,PM2.5,15.727150537634408,14.544161441070894,1.0,114.0,2232
2022-08-25,PM10,32.597209720972096,21.92180382093129,2.0,136.0,2222
2022-08-26,O3,56.48535376295629,33.39870896084379,1.0,179.0,2219
2022-08-26,PM2.5,15.733097657976138,15.132684496582112,1.0,99.0,2263
2022-08-26,PM10,38.2549889135255,27.32803423510531,2.0,201.0,2255
2022-08-27,O3,46.31976744186046,28.006423093138043,1.0,165.0,2236
2022-08-27,PM2.5,8.236749116607774,6.093177500007542,1.0,46.0,2264
2022-08-27,PM10,26.894080996884735,18.595868241499527,1.0,202.0,2247
2022-08-28,O3,47.12982296867907,25.186196049861877,1.0,130.0,2203
2022-08-28,PM2.5,13.8883473637572,7.693159173337849,1.0,54.0,2257
2022-08-28,PM10,31.557340473003123,18.85017942891011,1.0,130.0,2241
2022-08-29,O3,57.76662263320123,25.454687813016342,1.0,143.0,2271
2022-08-29,PM2.5,22.781898454746138,13.671359628802975,1.0,116.0,2265
2022-08-29,PM10,35.199020480854855,19.347481466893306,1.0,148.0,2246
2022-08-30,O3,58.46620450606586,48.838814417835806,1.0,216.0,1731
2022-08-30,PM2.5,28.37226277372263,14.16070810390295,1.0,88.0,1781
2022-08-30,PM10,48.65200225606317,22.64127528490358,1.0,166.0,1773
2022-08-31,O3,71.66531895777179,45.688452689656664,1.0,232.0,2226
2022-08-31,PM2.5,17.69449378330373,19.09348567597971,1.0,114.0,2252
2022-08-31,PM10,36.82329317269076,34.54751188528349,1.0,210.0,2241
2022-09-01,O3,72.58068842199374,45.2782421897965,1.0,238.0,2237
2022-09-01,PM2.5,14.114171479342515,10.846402649509061,1.0,75.0,2251
2022-09-01,PM10,39.48598130841121,24.26398823851174,2.0,207.0,2247
2022-09-02,O3,84.8377056469542,52.51801766903335,1.0,246.0,2249
2022-09-02,PM2.5,19.88992454505104,11.718110559526922,1.0,78.0,2253
2022-09-02,PM10,49.71732388125831,22.64072472068466,3.0,163.0,2257
2022-09-03,O3,86.89144882587506,48.26833138133794,1.0,220.0,2257
2022-09-03,PM2.5,28.30650835532102,14.020235465076622,1.0,105.0,2274
2022-09-03,PM10,55.911052399823866,24.44714130533422,3.0,189.0,2271
2022-09-04,O3,93.88191065900044,52.93354286517346,1.0,247.0,2261
2022-09-04,PM2.5,30.186754966887417,16.16160116334136,2.0,137.0,2265
2022-09-04,PM10,54.82784697508897,25.035742925550153,4.0,209.0,2248
2022-09-05,O3,74.0389552899513,38.30277419217183,1.0,255.0,2259
2022-09-05,PM2.5,17.594606542882406,19.693958803423413,1.0,117.0,2262
2022-09-05,PM10,39.650420912715994,35.19787209917959,1.0,204.0,2257
2022-09-06,O3,59.06583072100314,36.26842582118507,1.0,218.0,2233
2022-09-06,PM2.5,12.137333333333334,10.703780515936103,1.0,75.0,2250
2022-09-06,PM10,37.18958611481976,23.646909737830995,1.0,193.0,2247
2022-09-07,O3,62.51559633027523,46.99868468647893,1.0,217.0,2180
2022-09-07,PM2.5,14.091637010676157,9.21590385133571,1.0,94.0,2248
2022-09-07,PM10,43.606887298747765,27.726473967084342,2.0,272.0,2236
2022-09-08,O3,91.21971066907776,67.35908612131645,1.0,266.0,2212
2022-09-08,PM2.5,22.221679253665037,10.906785331183327,1.0,83.0,2251
2022-09-08,PM10,60.84898876404495,27.907835959926487,4.0,251.0,2225
2022-09-09,O3,109.03395889186774,72.22728566796395,1.0,296.0,2238
2022-09-09,PM2.5,31.623445825932503,15.976207360490646,1.0,106.0,2252
2022-09-09,PM10,73.02804986642921,31.94763659347067,3.0,222.0,2246
2022-09-10,O3,119.39583333333333,69.15171649342052,1.0,286.0,2256
2022-09-10,PM2.5,38.689624329159216,20.76696452114217,1.0,139.0,2236
2022-09-10,PM10,72.94681318681319,34.65430258490884,3.0,228.0,2275
2022-09-11,O3,103.86910490856593,51.577876850746435,1.0,243.0,2078
2022-09-11,PM2.5,29.914423076923075,13.311012779109683,1.0,84.0,2080
2022-09-11,PM10,53.41066282420749,22.88546308043613,8.0,183.0,2082
2022-09-12,O3,105.80599016540009,61.62820517146463,1.0,282.0,2237
2022-09-12,PM2.5,36.91555555555556,15.309313876135164,1.0,98.0,2250
2022-09-12,PM10,68.0320427236315,25.880039689879816,4.0,254.0,2247
2022-09-13,O3,102.35955555555556,56.47531661238506,1.0,237.0,2250
2022-09-13,PM2.5,43.605832965090585,19.716420891327324,1.0,130.0,2263
2022-09-13,PM10,76.94380530973451,30.898548404160017,11.0,265.0,2260
2022-09-14,O3,87.92485549132948,39.69965218409951,1.0,180.0,2249
2022-09-14,PM2.5,32.14253996447602,18.441247071404376,2.0,97.0,2252
2022-09-14,PM10,59.10146862483311,28.689557816480534,2.0,228.0,2247
2022-09-15,O3,80.45438362260792,44.6813724520828,1.0,186.0,2247
2022-09-15,PM2.5,21.88214443952149,11.290631355755515,1.0,79.0,2257
2022-09-15,PM10,48.975468331846564,26.21391492610387,2.0,268.0,2242
2022-09-16,O3,88.58170515097692,54.97285769091187,1.0,224.0,2252
2022-09-16,PM2.5,23.81319167773351,11.024082593521118,2.0,101.0,2259
2022-09-16,PM10,52.24365256124722,28.210106720463756,2.0,376.0,2245
2022-09-17,O3,99.72485340550293,61.90361708421299,1.0,263.0,2217
2022-09-17,PM2.5,31.272890484739676,13.137958808850456,1.0,106.0,2228
2022-09-17,PM10,72.42921348314607,32.68744115855126,3.0,629.0,2225
2022-09-18,O3,77.27219730941704,47.01853358573614,1.0,267.0,2230
2022-09-18,PM2.5,21.20347284060552,18.789384435327392,1.0,108.0,2246
2022-09-18,PM10,55.11804008908686,39.57056632269262,1.0,283.0,2245
2022-09-19,O3,54.72255397335783,27.982690550016166,1.0,157.0,2177
2022-09-19,PM2.5,11.911657559198543,9.660089659272066,1.0,74.0,2196
2022-09-19,PM10,41.2668795620438,28.813717677423263,1.0,271.0,2192
2022-09-20,O3,55.48993288590604,29.648262572995495,1.0,142.0,2235
2022-09-20,PM2.5,11.029043789097408,7.370299797398598,1.0,57.0,2238
2022-09-20,PM10,33.304231625835186,19.272113204043492,1.0,157.0,2245
2022-09-21,O3,75.60657954033348,50.01364187012814,1.0,192.0,2219
2022-09-21,PM2.5,21.214476021314386,12.720827526816382,1.0,129.0,2252
2022-09-21,PM10,55.123269316659226,25.50043986054179,4.0,241.0,2239
2022-09-22,O3,75.09094982078852,29.03593232742717,1.0,188.0,2232
2022-09-22,PM2.5,19.4457399103139,15.449569842200624,1.0,92.0,2230
2022-09-22,PM10,55.629430237774784,42.27360681121557,2.0,488.0,2229
2022-09-23,O3,53.339103417665335,19.983181177058075,1.0,107.0,2253
2022-09-23,PM2.5,7.767800453514739,6.955612876720026,1.0,77.0,2205
2022-09-23,PM10,37.342152466367715,36.396113832294596,2.0,385.0,2230
2022-09-24,O3,55.18103448275862,40.4722057796722,1.0,173.0,2204
2022-09-24,PM2.5,18.822409211691763,10.880944128416688,1.0,62.0,2258
2022-09-24,PM10,56.38866755201416,29.36050556864226,2.0,189.0,2259
2022-09-25,O3,83.92331698617923,60.97576611114181,1.0,268.0,2243
2022-09-25,PM2.5,38.034574468085104,16.631585017940818,1.0,113.0,2256
2022-09-25,PM10,92.70345744680851,35.03177770309365,5.0,290.0,2256
2022-09-26,O3,103.1541889483066,70.16601986300262,1.0,283.0,2244
2022-09-26,PM2.5,43.23529411764706,21.386182111003635,1.0,125.0,2261
2022-09-26,PM10,98.81324503311258,38.14576436405336,18.0,245.0,2265
2022-09-27,O3,115.79603782080144,73.46288457299477,1.0,279.0,2221
2022-09-27,PM2.5,47.34048257372654,22.625427899012518,3.0,140.0,2238
2022-09-27,PM10,100.05572893446278,37.64295997887396,5.0,402.0,2243
2022-09-28,O3,110.60740072202167,64.199810914072,1.0,276.0,2216
2022-09-28,PM2.5,47.146011716989634,22.839947967656418,4.0,139.0,2219
2022-09-28,PM10,96.3582694907616,37.75735590690968,10.0,246.0,2219
2022-09-29,O3,116.11550704865849,72.28249322823275,1.0,305.0,2199
2022-09-29,PM2.5,47.21457673155274,22.239857639533774,2.0,138.0,2209
2022-09-29,PM10,98.43425214640759,38.35743896722515,4.0,244.0,2213
2022-09-30,O3,117.85287561301828,63.663226762376134,1.0,299.0,2243
2022-09-30,PM2.5,48.613303769401334,27.772857595475998,7.0,160.0,2255
2022-09-30,PM10,99.15745245466607,41.88515472298185,2.0,252.0,2261
2022-10-01,O3,82.41934046345811,39.7029433158665,1.0,212.0,2244
2022-10-01,PM2.5,45.32037118868758,21.936202146207844,4.0,158.0,2263
2022-10-01,PM10,82.71396993810787,37.33436712216894,7.0,238.0,2262
2022-10-02,O3,64.18589174800356,22.67459236729266,6.0,147.0,2254
2022-10-02,PM2.5,16.225,13.348398111491024,1.0,100.0,2240
2022-10-02,PM10,25.536238328145842,21.377166217061585,1.0,229.0,2249
2022-10-03,O3,42.728280141843975,14.75825342664939,4.0,102.0,2256
2022-10-03,PM2.5,10.575089928057555,9.733948694448596,1.0,105.0,2224
2022-10-03,PM10,17.206000895656068,16.592603248861064,1.0,173.0,2233
2022-10-04,O3,48.18016821602479,16.28864351990349,1.0,87.0,2259
2022-10-04,PM2.5,6.982936686124831,6.484458695796523,1.0,37.0,2227
2022-10-04,PM10,15.008888888888889,12.468802352221541,1.0,134.0,2250
2022-10-05,O3,35.523027815777475,23.596906432910068,1.0,96.0,2193
2022-10-05,PM2.5,14.618002686968204,8.992935384526342,1.0,52.0,2233
2022-10-05,PM10,32.48017817371937,19.36231004561,1.0,215.0,2245
2022-10-06,O3,39.793819410912604,29.05205173044014,1.0,118.0,2071
2022-10-06,PM2.5,25.62517353077279,17.034608191632884,1.0,113.0,2161
2022-10-06,PM10,49.31820287169986,26.310509074101372,1.0,236.0,2159
2022-10-07,O3,47.4683257918552,34.21903285328534,1.0,129.0,2210
2022-10-07,PM2.5,43.5075421472937,23.096911794011813,1.0,150.0,2254
2022-10-07,PM10,73.58392539964476,31.160781259084235,3.0,215.0,2252
2022-10-08,O3,44.43996415770609,31.197270604792966,1.0,140.0,2232
2022-10-08,PM2.5,44.87615689731159,21.547064316213586,1.0,108.0,2269
2022-10-08,PM10,78.56519823788547,35.31359730296703,4.0,327.0,2270
2022-10-09,O3,60.306222222222225,15.7525872709341,1.0,113.0,2250
2022-10-09,PM2.5,7.985777777777778,11.606273110097524,1.0,102.0,2250
2022-10-09,PM10,24.9777183600713,23.024137589238073,1.0,145.0,2244
2022-10-10,O3,49.76199013895114,24.401712550982776,1.0,95.0,2231
2022-10-10,PM2.5,9.778514588859416,9.110288870875344,1.0,58.0,2262
2022-10-10,PM10,25.573268206039078,21.241745975547765,1.0,164.0,2252
2022-10-11,O3,39.48743718592965,31.713721333860526,1.0,121.0,2189
2022-10-11,PM2.5,22.703573003970003,14.226022259694867,1.0,102.0,2267
2022-10-11,PM10,51.56908768821966,30.266265399328724,1.0,220.0,2258
2022-10-12,O3,46.626617375231056,38.08299324757225,1.0,148.0,2164
2022-10-12,PM2.5,44.433053468846666,18.22112916947176,2.0,133.0,2263
2022-10-12,PM10,82.39298401420959,32.642753903313434,3.0,264.0,2252
2022-10-13,O3,49.20884632922937,39.464312833317315,1.0,160.0,2193
2022-10-13,PM2.5,68.56721022476862,26.368318734721544,4.0,143.0,2269
2022-10-13,PM10,113.29844789356984,39.19870435756246,7.0,257.0,2255
2022-10-14,O3,60.30265567765568,48.41581448089534,1.0,187.0,2184
2022-10-14,PM2.5,83.62295805739514,36.95071597570805,2.0,240.0,2265
2022-10-14,PM10,131.20706401766003,49.37173444411473,17.0,326.0,2265
2022-10-15,O3,71.07548012505583,52.33078492913307,1.0,213.0,2239
2022-10-15,PM2.5,83.58660202732482,45.08515146515803,1.0,226.0,2269
2022-10-15,PM10,131.2194260485651,55.55241323296514,4.0,299.0,2265
2022-10-16,O3,49.21915367483296,23.496179629680064,1.0,197.0,2245
2022-10-16,PM2.5,26.5550621669627,39.47282589508331,1.0,224.0,2252
2022-10-16,PM10,54.03808680248007,58.70844449158349,2.0,333.0,2258
2022-10-17,O3,39.55004428697963,19.519639277806405,1.0,89.0,2258
2022-10-17,PM2.5,8.530207394048693,8.368337318672072,1.0,65.0,2218
2022-10-17,PM10,27.121400088613203,21.809367983636964,1.0,137.0,2257
2022-10-18,O3,35.296853625170996,28.029491896945228,1.0,115.0,2193
2022-10-18,PM2.5,18.62075055187638,12.738449292826001,1.0,78.0,2265
2022-10-18,PM10,49.19564250778124,30.01484675824799,1.0,434.0,2249
2022-10-19,O3,47.46529680365297,38.30498174831038,1.0,156.0,2190
2022-10-19,PM2.5,40.73770491803279,19.013307390188924,2.0,142.0,2257
2022-10-19,PM10,85.47721179624665,34.85991587046365,4.0,386.0,2238
2022-10-20,O3,58.16756513926325,38.00114966225055,1.0,164.0,2226
2022-10-20,PM2.5,58.89575971731449,20.221863488282445,5.0,110.0,2264
2022-10-20,PM10,105.05400619743249,31.249707647991766,17.0,232.0,2259
2022-10-21,O3,66.53267237494367,49.53382674043584,1.0,182.0,2219
2022-10-21,PM2.5,73.56194690265487,26.33134952658116,2.0,184.0,2260
2022-10-21,PM10,125.28685258964144,36.03531124152438,24.0,382.0,2259
2022-10-22,O3,55.05806163465833,29.83165848793708,1.0,178.0,2239
2022-10-22,PM2.5,36.31718061674009,37.677355226938275,1.0,215.0,2270
2022-10-22,PM10,82.93259911894273,58.437008850357316,2.0,315.0,2270
2022-10-23,O3,40.893510054844604,31.8203810304443,1.0,162.0,2188
2022-10-23,PM2.5,20.565465729349736,16.57537565288987,1.0,83.0,2276
2022-10-23,PM10,56.49582050153982,41.54756104213905,1.0,295.0,2273
2022-10-24,O3,47.6428900138058,40.18535564604171,1.0,206.0,2173
2022-10-24,PM2.5,35.50110277900309,21.78649605468953,1.0,130.0,2267
2022-10-24,PM10,79.27192595857206,41.345619021716445,2.0,276.0,2269
2022-10-25,O3,68.53631795340338,48.769557989937724,1.0,191.0,2189
2022-10-25,PM2.5,67.61993769470405,32.016458181342436,4.0,218.0,2247
2022-10-25,PM10,120.4053934571176,46.94560717258592,14.0,307.0,2262
2022-10-26,O3,59.040807174887895,35.05619631102181,1.0,173.0,2230
2022-10-26,PM2.5,66.74223602484471,45.47488380732222,1.0,214.0,2254
2022-10-26,PM10,111.12316585148955,61.10715167108599,2.0,304.0,2249
2022-10-27,O3,39.4229055258467,23.628886354329065,1.0,128.0,2244
2022-10-27,PM2.5,26.690571049136786,30.43906756969285,1.0,144.0,2259
2022-10-27,PM10,52.07620735489588,43.39175028803692,2.0,223.0,2257
2022-10-28,O3,30.027065527065528,30.027128105316134,1.0,142.0,2106
2022-10-28,PM2.5,33.06363234644277,24.515894696534975,3.0,158.0,2263
2022-10-28,PM10,68.57073170731708,30.757981447848636,20.0,231.0,2255
2022-10-29,O3,27.91808712121212,22.485420666578953,1.0,107.0,2112
2022-10-29,PM2.5,42.338603425559945,19.167270274724007,4.0,134.0,2277
2022-10-29,PM10,76.13248239436619,26.270759085382846,6.0,190.0,2272
2022-10-30,O3,33.50811312007418,27.7073345449322,1.0,114.0,2157
2022-10-30,PM2.5,63.694848084544255,23.37163174207906,8.0,181.0,2271
2022-10-30,PM10,97.72727272727273,32.03599761555652,5.0,227.0,2266
2022-10-31,O3,42.64100227790433,25.608255269494702,1.0,130.0,2195
2022-10-31,PM2.5,36.91758483913618,38.282414105923344,1.0,165.0,2269
2022-10-31,PM10,68.45178571428572,52.496959065234805,1.0,237.0,2240
2022-11-01,O3,37.13279497532526,25.158347268363958,1.0,122.0,2229
2022-11-01,PM2.5,25.10340256296951,31.274657466495203,1.0,168.0,2263
2022-11-01,PM10,55.056306306306304,48.06945969871095,1.0,239.0,2220
2022-11-02,O3,43.11543810848401,32.39410375722896,1.0,146.0,2157
2022-11-02,PM2.5,51.46306943830164,37.049819826565106,1.0,194.0,2261
2022-11-02,PM10,90.8362652232747,47.746301645553324,3.0,301.0,2217
2022-11-03,O3,42.02313167259786,20.20144102221724,1.0,91.0,2248
2022-11-03,PM2.5,27.01947764497565,24.488039405376362,1.0,152.0,2259
2022-11-03,PM10,46.76647243388615,33.61458811812866,2.0,215.0,2231
2022-11-04,O3,38.71983914209115,23.110560503066623,1.0,106.0,2238
2022-11-04,PM2.5,20.983170947741364,18.30655403136009,1.0,96.0,2258
2022-11-04,PM10,39.80770954728821,28.962351389793987,1.0,150.0,2231
2022-11-05,O3,37.28882833787466,31.111926982020332,1.0,125.0,2202
2022-11-05,PM2.5,42.75991189427313,26.37551721506673,1.0,144.0,2270
2022-11-05,PM10,73.37265415549598,37.60653741222224,1.0,219.0,2238
2022-11-06,O3,35.75399811853246,31.622109787028364,1.0,125.0,2126
2022-11-06,PM2.5,70.15701017249005,29.681362989002093,2.0,147.0,2261
2022-11-06,PM10,109.71179624664879,39.739540238235406,7.0,218.0,2238
2022-11-07,O3,39.01815642458101,29.929652871291633,1.0,138.0,2148
2022-11-07,PM2.5,47.83623382418563,40.985652292032945,1.0,198.0,2241
2022-11-07,PM10,76.02077687443541,55.77597079312009,2.0,328.0,2214
2022-11-08,O3,39.485046728971966,35.126118045167615,1.0,170.0,2140
2022-11-08,PM2.5,55.219479353680434,32.634280492814376,1.0,161.0,2228
2022-11-08,PM10,92.43795620437956,46.37943302264196,5.0,298.0,2192
2022-11-09,O3,31.014278914802475,28.951711603550034,1.0,145.0,2101
2022-11-09,PM2.5,98.46873614190687,43.74106203738955,9.0,218.0,2255
2022-11-09,PM10,138.0251233737102,52.29682252365308,4.0,298.0,2229
2022-11-10,O3,38.333333333333336,31.410024284249438,1.0,126.0,2172
2022-11-10,PM2.5,108.88468388245771,50.420516313575135,4.0,254.0,2246
2022-11-10,PM10,139.63861386138615,61.332594367367136,11.0,322.0,2222
2022-11-11,O3,28.239961759082217,23.867659535452116,1.0,107.0,2092
2022-11-11,PM2.5,91.4657231313578,50.2558451827241,1.0,236.0,2261
2022-11-11,PM10,121.7778274474743,66.67965497906823,1.0,330.0,2237
2022-11-12,O3,43.63569457221711,17.22273414251339,1.0,115.0,2174
2022-11-12,PM2.5,15.828301036502928,30.496873580665465,1.0,247.0,2219
2022-11-12,PM10,21.74628252788104,39.38938838579709,1.0,327.0,2152
2022-11-13,O3,39.00580875781948,18.3776407218502,1.0,80.0,2238
2022-11-13,PM2.5,12.398482820169567,10.060485412237703,1.0,85.0,2241
2022-11-13,PM10,22.96727272727273,18.988700511289284,1.0,141.0,2200
2022-11-14,O3,24.824362606232295,23.04588212977596,1.0,118.0,2118
2022-11-14,PM2.5,32.02937249666222,15.888351856198714,3.0,127.0,2247
2022-11-14,PM10,59.86909581646424,25.356858411545975,5.0,185.0,2223
2022-11-15,O3,33.53591417910448,27.2640935980637,1.0,95.0,2144
2022-11-15,PM2.5,31.76148016049933,23.054795181643424,1.0,112.0,2243
2022-11-15,PM10,59.914788097385035,35.338495161568815,2.0,248.0,2218
2022-11-16,O3,26.685767966181306,25.054049405732453,1.0,107.0,2129
2022-11-16,PM2.5,43.56681614349776,31.91489203818879,1.0,175.0,2230
2022-11-16,PM10,78.84688777828259,46.5772377206428,3.0,245.0,2201
2022-11-17,O3,26.652465294399235,28.57730514693187,1.0,146.0,2089
2022-11-17,PM2.5,77.09152389540127,41.47700494221117,4.0,230.0,2218
2022-11-17,PM10,120.52259242355089,53.156085585875175,10.0,300.0,2191
2022-11-18,O3,26.427298311444652,26.891133895659966,1.0,181.0,2132
2022-11-18,PM2.5,87.72662511130899,48.3811215685313,2.0,218.0,2246
2022-11-18,PM10,128.13047363717604,61.69080959306271,4.0,342.0,2238
2022-11-19,O3,32.45545911375057,27.708583580709256,1.0,134.0,2189
2022-11-19,PM2.5,90.93236714975845,50.53288968652728,4.0,229.0,2277
2022-11-19,PM10,133.82030905077264,57.44440393452044,24.0,352.0,2265
2022-11-20,O3,20.688261081344375,22.27226565451569,1.0,109.0,2053
2022-11-20,PM2.5,87.89757174392936,53.532339410462846,2.0,236.0,2265
2022-11-20,PM10,138.3704200178731,67.68692029220978,18.0,349.0,2238
2022-11-21,O3,29.25349487418453,21.188257694154718,1.0,80.0,2146
2022-11-21,PM2.5,49.72896368467671,39.377711082591944,1.0,220.0,2258
2022-11-21,PM10,81.50672043010752,53.683293604095205,1.0,330.0,2232
2022-11-22,O3,26.10165593376265,20.40519323067886,1.0,88.0,2174
2022-11-22,PM2.5,41.345542806707854,26.54437607365459,1.0,151.0,2266
2022-11-22,PM10,71.17865118356409,38.32978205953998,4.0,228.0,2239
2022-11-23,O3,23.944652908067543,22.70939120484159,1.0,106.0,2132
2022-11-23,PM2.5,62.658127208480565,32.199421334891085,5.0,204.0,2264
2022-11-23,PM10,96.30107047279215,40.683926569372346,17.0,272.0,2242
2022-11-24,O3,24.629751290473955,25.881465294398687,1.0,108.0,2131
2022-11-24,PM2.5,86.95619469026549,38.6480755641423,5.0,183.0,2260
2022-11-24,PM10,123.58031319910515,47.92760355890611,12.0,274.0,2235
2022-11-25,O3,48.47809878844362,28.018312732731115,1.0,115.0,2146
2022-11-25,PM2.5,47.98498896247241,45.4877878942957,1.0,182.0,2265
2022-11-25,PM10,89.09375,54.68534306970914,7.0,390.0,2240
2022-11-26,O3,47.804319083296605,17.192467085682615,1.0,141.0,2269
2022-11-26,PM2.5,11.704455227172474,11.798745849372636,1.0,98.0,2267
2022-11-26,PM10,37.90533333333333,27.112791864112165,1.0,216.0,2250
2022-11-27,O3,24.08105687416032,16.284284907025352,1.0,87.0,2233
2022-11-27,PM2.5,29.222073876279484,17.216883811476976,2.0,153.0,2247
2022-11-27,PM10,61.45592163846839,29.31487740905054,6.0,227.0,2246
2022-11-28,O3,32.190285204991085,22.537587421887654,1.0,94.0,2244
2022-11-28,PM2.5,34.578339991122945,18.02143300319066,3.0,163.0,2253
2022-11-28,PM10,94.70781527531084,69.60706048706348,5.0,483.0,2252
2022-11-29,O3,52.575044404973355,8.184493349764809,4.0,101.0,2252
2022-11-29,PM2.5,13.316303864948912,9.576663282712614,1.0,78.0,2251
2022-11-29,PM10,60.27894501564595,47.50412512172805,3.0,374.0,2237
2022-11-30,O3,46.15170278637771,13.153853738553742,3.0,103.0,2261
2022-11-30,PM2.5,12.089143865842894,7.928853788000045,1.0,59.0,2266
2022-11-30,PM10,37.04859563085154,14.355987736651544,3.0,120.0,2243
2022-12-01,O3,37.066071428571426,19.350413218047404,1.0,81.0,2240
2022-12-01,PM2.5,19.179190751445088,12.456572603840778,1.0,90.0,2249
2022-12-01,PM10,43.165915238954014,20.100905766169046,1.0,136.0,2218
2022-12-02,O3,21.634844868735083,18.663042191195665,1.0,77.0,2095
2022-12-02,PM2.5,40.48388603456329,19.013610185543563,1.0,117.0,2141
2022-12-02,PM10,81.3487494100991,35.16131015813802,4.0,266.0,2119
2022-12-03,O3,38.42599277978339,24.206615354123237,1.0,80.0,2216
2022-12-03,PM2.5,28.929910714285715,25.76022678317486,1.0,132.0,2240
2022-12-03,PM10,61.06955736224029,46.897422553599135,2.0,220.0,2214
2022-12-04,O3,28.974553571428572,19.330716091809172,1.0,81.0,2240
2022-12-04,PM2.5,25.600088573959255,18.304310333519187,1.0,128.0,2258
2022-12-04,PM10,55.8046490835941,38.887752866989445,1.0,342.0,2237
2022-12-05,O3,24.18423551756885,21.313007997128235,1.0,81.0,2106
2022-12-05,PM2.5,37.64229523368811,23.59170371412282,1.0,157.0,2161
2022-12-05,PM10,75.44186046511628,42.861422089279934,2.0,309.0,2150
2022-12-06,O3,24.801720235400634,22.546156605184557,1.0,162.0,2209
2022-12-06,PM2.5,49.61754229741763,35.22316886073615,1.0,197.0,2246
2022-12-06,PM10,90.53038427167114,51.61317866337964,2.0,285.0,2238
2022-12-07,O3,22.537070524412297,20.080421044403515,1.0,93.0,2212
2022-12-07,PM2.5,60.76857654431513,53.29500739210508,1.0,293.0,2234
2022-12-07,PM10,103.48403058929375,74.48759488506491,2.0,711.0,2223
2022-12-08,O3,22.63423588802203,22.080846548671783,1.0,99.0,2179
2022-12-08,PM2.5,64.46002679767753,64.14588168266212,1.0,327.0,2239
2022-12-08,PM10,106.48470066518847,81.04326189191258,3.0,407.0,2255
2022-12-09,O3,20.38088768115942,19.493759144629692,1.0,98.0,2208
2022-12-09,PM2.5,72.0205082478823,66.5258207194013,2.0,345.0,2243
2022-12-09,PM10,118.28292682926829,83.16596687068375,5.0,596.0,2255
2022-12-10,O3,51.079393398751115,23.398059001124032,1.0,195.0,2242
2022-12-10,PM2.5,29.470378619153674,53.73409447236766,1.0,342.0,2245
2022-12-10,PM10,57.76803895528995,72.12504650923034,2.0,417.0,2259
2022-12-11,O3,37.48026607538802,21.615988086348484,1.0,79.0,2255
2022-12-11,PM2.5,18.79682679594535,14.180280679095027,1.0,87.0,2269
2022-12-11,PM10,47.05962897526502,43.2547253800884,1.0,388.0,2264
2022-12-12,O3,49.32741003998223,24.095099778144974,1.0,88.0,2251
2022-12-12,PM2.5,102.11441241685144,88.20916102877158,2.0,543.0,2255
2022-12-12,PM10,483.89084348218313,422.5254418648177,21.0,2434.0,2217
2022-12-13,O3,55.2945632798574,17.87940257379223,1.0,86.0,2244
2022-12-13,PM2.5,31.889086069210293,48.2182550540789,1.0,320.0,2254
2022-12-13,PM10,158.31322609472744,210.1346810858303,9.0,1388.0,2238
2022-12-14,O3,31.774236983842012,19.469598835527407,1.0,86.0,2228
2022-12-14,PM2.5,22.539696699375558,12.9697886616411,1.0,92.0,2242
2022-12-14,PM10,73.17381590705988,30.619179139780865,4.0,219.0,2238
2022-12-15,O3,40.10022573363431,21.677773097118926,1.0,76.0,2215
2022-12-15,PM2.5,21.52202937249666,16.19170120923004,1.0,96.0,2247
2022-12-15,PM10,61.77960819234194,39.18601838071752,2.0,221.0,2246
2022-12-16,O3,43.34651266103954,18.815498306188132,1.0,76.0,2251
2022-12-16,PM2.5,13.573013759431868,9.511532916793211,1.0,61.0,2253
2022-12-16,PM10,40.3162583518931,31.43806054821889,1.0,298.0,2245
2022-12-17,O3,57.95796460176991,10.0986069011463,4.0,76.0,2260
2022-12-17,PM2.5,9.641459074733095,6.585632750555823,1.0,68.0,2248
2022-12-17,PM10,51.157353598569514,33.19638946289284,1.0,362.0,2237
2022-12-18,O3,36.983971504897596,19.58963942570429,1.0,82.0,2246
2022-12-18,PM2.5,18.514425210830005,12.224791651719045,1.0,92.0,2253
2022-12-18,PM10,52.36560565870911,26.98492099579939,3.0,201.0,2262
2022-12-19,O3,23.83108108108108,19.924176714488922,1.0,79.0,2220
2022-12-19,PM2.5,32.275938189845476,16.437110581006934,2.0,117.0,2265
2022-12-19,PM10,69.9541041482789,37.13509857024021,6.0,357.0,2266
2022-12-20,O3,28.293473299863077,26.080715009779823,1.0,103.0,2191
2022-12-20,PM2.5,42.388392857142854,23.361083502635143,2.0,168.0,2240
2022-12-20,PM10,91.7693339293697,37.89713258495456,2.0,310.0,2237
2022-12-21,O3,50.615693267944714,17.05171290173448,2.0,84.0,2243
2022-12-21,PM2.5,16.43392857142857,16.939048050349253,1.0,151.0,2240
2022-12-21,PM10,59.24487065120428,65.70314313521678,3.0,1072.0,2242
2022-12-22,O3,49.23323471400394,14.783291250175411,2.0,81.0,2028
2022-12-22,PM2.5,10.601175894169526,7.9751376642212115,1.0,69.0,2041
2022-12-22,PM10,30.56611165523996,23.502470069683476,1.0,208.0,2042
2022-12-23,O3,40.287505597850426,21.199745469559456,1.0,82.0,2233
2022-12-23,PM2.5,17.687722419928825,14.483804631103958,1.0,84.0,2248
2022-12-23,PM10,37.11329170383586,30.534323004031904,1.0,249.0,2242
2022-12-24,O3,35.834105653382764,22.613206195725006,1.0,85.0,2158
2022-12-24,PM2.5,25.231803430690775,18.63031385876159,1.0,117.0,2157
2022-12-24,PM10,47.58970792767733,36.90463025952823,1.0,372.0,2157
2022-12-25,O3,22.226868327402133,19.846007436990142,1.0,79.0,2248
2022-12-25,PM2.5,42.684792219274975,23.05550386687336,2.0,139.0,2262
2022-12-25,PM10,75.37571998227736,43.817386938005455,3.0,349.0,2257
2022-12-26,O3,28.680698611733096,21.87524512674548,1.0,80.0,2233
2022-12-26,PM2.5,36.91651865008881,27.438291053637904,1.0,161.0,2252
2022-12-26,PM10,69.56861868573984,38.5423425177474,3.0,295.0,2237
2022-12-27,O3,38.72975391498881,23.875148512506723,1.0,180.0,2235
2022-12-27,PM2.5,29.14463176574978,37.12662599275884,1.0,220.0,2254
2022-12-27,PM10,54.007545494895695,47.63596827471247,2.0,285.0,2253
2022-12-28,O3,31.08023307933662,21.116044427473163,1.0,76.0,2231
2022-12-28,PM2.5,31.305220883534137,34.17487398675464,1.0,230.0,2241
2022-12-28,PM10,58.18108831400535,44.37693583944253,3.0,291.0,2242
2022-12-29,O3,34.430430879712745,22.2749085636711,1.0,78.0,2228
2022-12-29,PM2.5,25.185516316495306,24.468804647186204,1.0,157.0,2237
2022-12-29,PM10,46.81411974977659,35.9999421222347,2.0,208.0,2238
2022-12-30,O3,22.541498429789144,19.97903130703187,1.0,100.0,2229
2022-12-30,PM2.5,39.596067917783735,29.560474399730477,1.0,217.0,2238
2022-12-30,PM10,70.47542448614834,44.27118148899987,3.0,322.0,2238
2022-12-31,O3,24.956618962432916,22.946238716098332,1.0,107.0,2236
2022-12-31,PM2.5,63.36416184971098,51.11319599237947,2.0,239.0,2249
2022-12-31,PM10,98.99555950266429,63.582158831447515,4.0,294.0,2252
